Location,Date of Accident,Time of Accident,Accident Severity,Collision Type,Cause of Accident,Number of Vehicles,Vehicle Types,Driver Age Group,Number of Fatalities,Number of Injuries,Property Damage Level,location_standardized,location_name,formatted_address,latitude,longitude
Kotahena Junction,2025-05-22,15:28,Minor Injury,Rear-end Collision,Reckless Driving,1,Car,26-35,0,2,Low,"Kotahena Junction, Colombo, Sri Lanka","Kotahena Junction, Colombo, Sri Lanka","Kotahena St, Colombo 01300, Sri Lanka",6.9494699,79.8626776
Ethul Kotte Junction,2023-06-10,17:51,Minor Injury,Single Vehicle Crash,Reckless Driving,1,Motorcycle,36-45,0,4,Low,"Ethul Kotte Junction, Colombo, Sri Lanka","Ethul Kotte Junction, Colombo, Sri Lanka","397 Thalawathugoda Road, Sri Jayawardenepura Kotte, Sri Lanka",6.8793511,79.92028909999999
Marine Drive Galle Face,2025-09-28,07:33,Serious Injury,Head-on Collision,Reckless Driving,3,Motorcycle; Car; Van,26-35,0,3,High,"Marine Drive Galle Face, Colombo, Sri Lanka","Marine Drive Galle Face, Colombo, Sri Lanka","Chaithya Rd, Colombo, Sri Lanka",6.9316981,79.841965
Liberty Plaza Area,2022-10-25,00:19,Minor Injury,Side-impact Collision,Driver Negligence,1,Motorcycle,26-35,0,4,Moderate,"Liberty Plaza Area, Colombo, Sri Lanka","Liberty Plaza Area, Colombo, Sri Lanka","300 Srimath Anagarika Dharmapala Mawatha, Colombo 00300, Sri Lanka",6.9118996,79.85130869999999
Borella Junction,2023-05-08,08:55,Minor Injury,Pedestrian Collision,Reckless Driving,2,Motorcycle; Car,18-25,0,2,Moderate,"Borella Junction, Colombo, Sri Lanka","Borella Junction, Colombo, Sri Lanka","18 Dr NM Perera Mawatha Rd, Colombo 00800, Sri Lanka",6.9139525,79.878481
Maradana Junction,2025-04-14,14:49,Minor Injury,Pedestrian Collision,Reckless Driving,1,Van,18-25,0,1,Low,"Maradana Junction, Colombo, Sri Lanka","Maradana Junction, Colombo, Sri Lanka","Maradana Junction, Colombo 01000, Sri Lanka",6.928874,79.8637428
Panchikawatte Junction,2024-11-29,10:40,Minor Injury,Side-impact Collision,Overspeeding,1,Motorcycle,26-35,0,2,Low,"Panchikawatte Junction, Colombo, Sri Lanka","Panchikawatte Junction, Colombo, Sri Lanka","Panchikawatta, Colombo 01000, Sri Lanka",6.9309682,79.8639835
Maradana Junction,2024-07-21,00:05,Minor Injury,Rear-end Collision,Driver Fatigue,1,Car,56+,0,1,Low,"Maradana Junction, Colombo, Sri Lanka","Maradana Junction, Colombo, Sri Lanka","Maradana Junction, Colombo 01000, Sri Lanka",6.928874,79.8637428
Hulftsdorp Junction,2023-10-01,09:13,Minor Injury,Rear-end Collision,Distracted Driving,2,Car; Bicycle,18-25,0,2,High,"Hulftsdorp Junction, Colombo, Sri Lanka","Hulftsdorp Junction, Colombo, Sri Lanka","Hultsdorf St, Colombo, Sri Lanka",6.9375553,79.8608161
T B Jayah Mawatha Maradana,2024-04-07,15:50,Minor Injury,Motorcycle Collision,Driver Fatigue,2,Motorcycle; Three Wheeler,46-55,0,1,Moderate,"T B Jayah Mawatha Maradana, Colombo, Sri Lanka","T B Jayah Mawatha Maradana, Colombo, Sri Lanka","T. B. Jayah Mawatha, Colombo, Sri Lanka",6.9235871,79.8619082
Hospital Road Colombo 10,2023-08-07,07:57,Serious Injury,Pedestrian Collision,Driver Negligence,2,Motorcycle; Three Wheeler,46-55,0,2,Moderate,"Hospital Road Colombo 10, Colombo, Sri Lanka","Hospital Road Colombo 10, Colombo, Sri Lanka","Hospital Rd, Colombo, Sri Lanka",6.8648594,79.8703535
Maradana Junction,2024-01-05,02:01,Minor Injury,Motorcycle Collision,Driver Negligence,2,Motorcycle; Bus,26-35,0,3,Low,"Maradana Junction, Colombo, Sri Lanka","Maradana Junction, Colombo, Sri Lanka","Maradana Junction, Colombo 01000, Sri Lanka",6.928874,79.8637428
Armour Street Junction,2025-07-16,06:34,Serious Injury,Head-on Collision,Poor Visibility,1,Motorcycle,26-35,0,5,Low,"Armour Street Junction, Colombo, Sri Lanka","Armour Street Junction, Colombo, Sri Lanka","Armour St, Colombo, Sri Lanka",6.9424222,79.8637618
Colombo 07 Junction,2024-06-06,23:08,Serious Injury,Multi-vehicle Collision,Reckless Driving,4,Car; Bicycle; Three Wheeler; Motorcycle,26-35,0,2,High,"Colombo 07 Junction, Colombo, Sri Lanka","Colombo 07 Junction, Colombo, Sri Lanka","Colombo 07, Colombo 00700, Sri Lanka",6.9066125,79.8596227
Sea Street Kotahena,2025-11-20,08:37,Minor Injury,Multi-vehicle Collision,Distracted Driving,3,Car; Three Wheeler; Motorcycle,18-25,0,4,Low,"Sea Street Kotahena, Colombo, Sri Lanka","Sea Street Kotahena, Colombo, Sri Lanka","Sea St, Colombo 01300, Sri Lanka",6.9418464,79.8542501
Armour Street Pettah,2025-10-26,19:11,Minor Injury,Multi-vehicle Collision,Driver Negligence,4,Three Wheeler; Motorcycle; Bus; Lorry,56+,0,3,Low,"Armour Street Pettah, Colombo, Sri Lanka","Armour Street Pettah, Colombo, Sri Lanka","Armour St, Colombo, Sri Lanka",6.9424222,79.8637618
Liberty Plaza Area,2025-07-22,18:39,Serious Injury,Rear-end Collision,Reckless Driving,1,Motorcycle,36-45,0,2,High,"Liberty Plaza Area, Colombo, Sri Lanka","Liberty Plaza Area, Colombo, Sri Lanka","300 Srimath Anagarika Dharmapala Mawatha, Colombo 00300, Sri Lanka",6.9118996,79.85130869999999
Wellawatte Junction,2023-01-09,19:08,Minor Injury,Pedestrian Collision,Driver Fatigue,2,Three Wheeler; Motorcycle,56+,0,2,Low,"Wellawatte Junction, Colombo, Sri Lanka","Wellawatte Junction, Colombo, Sri Lanka","Wellawatte, Colombo 00600, Sri Lanka",6.874092099999999,79.8604934
Bauddhaloka Mawatha Cinnamon Gardens,2022-12-02,09:03,Serious Injury,Side-impact Collision,Driver Negligence,2,Car; Motorcycle,26-35,0,3,High,"Bauddhaloka Mawatha Cinnamon Gardens, Colombo, Sri Lanka","Bauddhaloka Mawatha Cinnamon Gardens, Colombo, Sri Lanka","Bauddhaloka Mawatha, Colombo 00700, Sri Lanka",6.901932,79.8694402
Messenger Street Pettah,2025-04-06,07:28,Serious Injury,Single Vehicle Crash,Overspeeding,1,Three Wheeler,26-35,0,3,High,"Messenger Street Pettah, Colombo, Sri Lanka","Messenger Street Pettah, Colombo, Sri Lanka","M. J. M. Lafeer Mawatha, Colombo, Sri Lanka",6.9411356,79.8629811
Wellawatte Junction,2023-01-02,07:01,Minor Injury,Motorcycle Collision,Overspeeding,1,Motorcycle,18-25,0,1,Low,"Wellawatte Junction, Colombo, Sri Lanka","Wellawatte Junction, Colombo, Sri Lanka","Wellawatte, Colombo 00600, Sri Lanka",6.874092099999999,79.8604934
Kochchikade Junction,2025-02-26,08:50,Serious Injury,Side-impact Collision,Failure to Yield,3,Three Wheeler; Bicycle; Motorcycle,26-35,0,3,High,"Kochchikade Junction, Colombo, Sri Lanka","Kochchikade Junction, Colombo, Sri Lanka","Colombo, Sri Lanka",6.9270786,79.861243
Liberty Plaza Area,2022-10-20,18:15,Minor Injury,Motorcycle Collision,Driver Negligence,2,Motorcycle; Car,56+,0,3,Low,"Liberty Plaza Area, Colombo, Sri Lanka","Liberty Plaza Area, Colombo, Sri Lanka","300 Srimath Anagarika Dharmapala Mawatha, Colombo 00300, Sri Lanka",6.9118996,79.85130869999999
Justice Akbar Mawatha Slave Island,2025-01-05,18:34,Minor Injury,Head-on Collision,Unsafe Lane Change,2,Bicycle; Lorry,18-25,0,2,Moderate,"Justice Akbar Mawatha Slave Island, Colombo, Sri Lanka","Justice Akbar Mawatha Slave Island, Colombo, Sri Lanka","Justice Akbar Mawatha, Colombo, Sri Lanka",6.9238481,79.8503668
Slave Island Junction,2023-12-21,18:18,Minor Injury,Single Vehicle Crash,Overspeeding,1,Van,36-45,0,4,Low,"Slave Island Junction, Colombo, Sri Lanka","Slave Island Junction, Colombo, Sri Lanka","Kompannavidiya Flyover, Colombo, Sri Lanka",6.9266493,79.8483123
Armour Street Junction,2024-02-14,02:54,Serious Injury,Head-on Collision,Drunk Driving,2,Three Wheeler; Motorcycle,26-35,0,5,Moderate,"Armour Street Junction, Colombo, Sri Lanka","Armour Street Junction, Colombo, Sri Lanka","Armour St, Colombo, Sri Lanka",6.9424222,79.8637618
Bambalapitiya Railway Station Area,2023-07-09,07:46,Minor Injury,Rear-end Collision,Reckless Driving,1,Car,46-55,0,2,Moderate,"Bambalapitiya Railway Station Area, Colombo, Sri Lanka","Bambalapitiya Railway Station Area, Colombo, Sri Lanka","Bambalapitiya Railway Station, Colombo, Sri Lanka",6.8936984,79.8529574
Modara Junction,2022-03-31,23:24,Serious Injury,Motorcycle Collision,Poor Visibility,2,Motorcycle; Van,46-55,0,4,Moderate,"Modara Junction, Colombo, Sri Lanka","Modara Junction, Colombo, Sri Lanka","Modara, Colombo, Sri Lanka",6.9669247,79.8711533
Hulftsdorp Junction,2025-05-11,20:42,Minor Injury,Multi-vehicle Collision,Failure to Yield,4,Bicycle; Motorcycle; Van; Three Wheeler,18-25,0,2,Low,"Hulftsdorp Junction, Colombo, Sri Lanka","Hulftsdorp Junction, Colombo, Sri Lanka","Hultsdorf St, Colombo, Sri Lanka",6.9375553,79.8608161
Dematagoda Junction,2024-04-27,18:36,Serious Injury,Rear-end Collision,Poor Visibility,4,Bicycle; Motorcycle; Car; Three Wheeler,36-45,0,5,Moderate,"Dematagoda Junction, Colombo, Sri Lanka","Dematagoda Junction, Colombo, Sri Lanka","Dematagoda Pl, Colombo, Sri Lanka",6.9293231,79.8764195
Wellawatte Junction,2022-08-14,19:49,Fatal,Side-impact Collision,Driver Negligence,2,Car; Van,18-25,1,5,High,"Wellawatte Junction, Colombo, Sri Lanka","Wellawatte Junction, Colombo, Sri Lanka","Wellawatte, Colombo 00600, Sri Lanka",6.874092099999999,79.8604934
Dehiwela Railway Station Area,2025-04-23,18:42,Minor Injury,Rear-end Collision,Drunk Driving,2,Motorcycle; Three Wheeler,26-35,0,3,Moderate,"Dehiwela Railway Station Area, Colombo, Sri Lanka","Dehiwela Railway Station Area, Colombo, Sri Lanka","Dehiwala Railway Station, Colombo, Sri Lanka",6.8509059,79.86209749999999
Union Place Slave Island,2024-01-04,17:03,Minor Injury,Side-impact Collision,Mechanical Failure,2,Motorcycle; Three Wheeler,46-55,0,2,Moderate,"Union Place Slave Island, Colombo, Sri Lanka","Union Place Slave Island, Colombo, Sri Lanka","Union Pl, Colombo, Sri Lanka",6.9203664,79.8578057
Justice Akbar Mawatha Slave Island,2024-02-09,17:43,Minor Injury,Side-impact Collision,Driver Negligence,1,Motorcycle,46-55,0,4,Moderate,"Justice Akbar Mawatha Slave Island, Colombo, Sri Lanka","Justice Akbar Mawatha Slave Island, Colombo, Sri Lanka","Justice Akbar Mawatha, Colombo, Sri Lanka",6.9238481,79.8503668
Bambalapitiya Junction,2024-08-18,19:31,Serious Injury,Rear-end Collision,Distracted Driving,1,Motorcycle,46-55,0,2,High,"Bambalapitiya Junction, Colombo, Sri Lanka","Bambalapitiya Junction, Colombo, Sri Lanka","Bambalapitiya, Colombo 00500, Sri Lanka",6.8894192,79.8575468
Borella Junction,2023-07-01,18:40,Serious Injury,Pedestrian Collision,Reckless Driving,2,Motorcycle; Three Wheeler,26-35,0,2,Low,"Borella Junction, Colombo, Sri Lanka","Borella Junction, Colombo, Sri Lanka","18 Dr NM Perera Mawatha Rd, Colombo 00800, Sri Lanka",6.9139525,79.878481
Galle Road Fort,2022-03-15,14:38,Minor Injury,Rear-end Collision,Overspeeding,1,Motorcycle,46-55,0,1,Moderate,"Galle Road Fort, Colombo, Sri Lanka","Galle Road Fort, Colombo, Sri Lanka","Galle Buck Rd, Colombo, Sri Lanka",6.9363912,79.8415204
Sir Chittampalam A Gardiner Mawatha Fort,2022-03-09,08:02,Minor Injury,Multi-vehicle Collision,Driver Fatigue,2,Motorcycle; Three Wheeler,18-25,0,3,Moderate,"Sir Chittampalam A Gardiner Mawatha Fort, Colombo, Sri Lanka","Sir Chittampalam A Gardiner Mawatha Fort, Colombo, Sri Lanka","Sir Chittampalam A Gardiner Mawath, Colombo, Sri Lanka",6.9298377,79.8477933
"Junction of Baseline Road and Elvitigala Mawatha, Colombo 08",2024-05-22,09:01,Serious Injury,Motorcycle Collision,Driver Negligence,3,Motorcycle; Car; Bicycle,26-35,0,2,High,"Junction of Baseline Road and Elvitigala Mawatha, Colombo 08, Colombo, Sri Lanka","Junction of Baseline Road and Elvitigala Mawatha, Colombo 08, Colombo, Sri Lanka","Elvitigala Mawatha, Colombo, Sri Lanka",6.9040558,79.8772209
Union Place Borella,2025-02-25,15:28,Serious Injury,Single Vehicle Crash,Driver Negligence,1,Car,26-35,0,4,High,"Union Place Borella, Colombo, Sri Lanka","Union Place Borella, Colombo, Sri Lanka","Colombo 08, Colombo, Sri Lanka",6.9147836,79.8775951
Narahenpita Junction,2025-09-06,20:32,Fatal,Single Vehicle Crash,Reckless Driving,1,Three Wheeler,46-55,1,5,Moderate,"Narahenpita Junction, Colombo, Sri Lanka","Narahenpita Junction, Colombo, Sri Lanka","Narahenpita, Colombo 00500, Sri Lanka",6.8899209,79.8826281
Armour Street Junction,2022-11-08,01:35,Fatal,Rear-end Collision,Driver Negligence,1,Motorcycle,26-35,1,3,High,"Armour Street Junction, Colombo, Sri Lanka","Armour Street Junction, Colombo, Sri Lanka","Armour St, Colombo, Sri Lanka",6.9424222,79.8637618
Fort Railway Station Area,2023-08-14,18:34,Minor Injury,Motorcycle Collision,Reckless Driving,2,Motorcycle; Van,26-35,0,3,Low,"Fort Railway Station Area, Colombo, Sri Lanka","Fort Railway Station Area, Colombo, Sri Lanka","Fort Railway station, Colombo, Sri Lanka",6.9337011,79.85003019999999
Liberty Plaza Area,2024-03-15,14:20,Minor Injury,Head-on Collision,Reckless Driving,2,Bicycle; Three Wheeler,26-35,0,2,Low,"Liberty Plaza Area, Colombo, Sri Lanka","Liberty Plaza Area, Colombo, Sri Lanka","300 Srimath Anagarika Dharmapala Mawatha, Colombo 00300, Sri Lanka",6.9118996,79.85130869999999
Galle Road Fort,2024-02-04,07:26,Minor Injury,Rear-end Collision,Reckless Driving,4,Three Wheeler; Car; Bus; Motorcycle,56+,0,1,Low,"Galle Road Fort, Colombo, Sri Lanka","Galle Road Fort, Colombo, Sri Lanka","Galle Buck Rd, Colombo, Sri Lanka",6.9363912,79.8415204
Maradana Railway Station Area,2023-10-18,10:18,Serious Injury,Pedestrian Collision,Driver Negligence,2,Three Wheeler; Motorcycle,26-35,0,6,High,"Maradana Railway Station Area, Colombo, Sri Lanka","Maradana Railway Station Area, Colombo, Sri Lanka","Maradana Railway Station, Jayantha Weerasekara Mawatha, Colombo 01000, Sri Lanka",6.92946,79.86511000000002
Galle Road Fort,2024-05-20,17:01,Minor Injury,Pedestrian Collision,Overspeeding,1,Motorcycle,36-45,0,2,Low,"Galle Road Fort, Colombo, Sri Lanka","Galle Road Fort, Colombo, Sri Lanka","Galle Buck Rd, Colombo, Sri Lanka",6.9363912,79.8415204
Baseline Road Borella,2023-07-30,09:37,Minor Injury,Single Vehicle Crash,Driver Negligence,1,Three Wheeler,56+,0,3,Moderate,"Baseline Road Borella, Colombo, Sri Lanka","Baseline Road Borella, Colombo, Sri Lanka","Baseline Rd, Colombo, Sri Lanka",6.919902,79.8776917
Madampitiya Road,2022-08-13,12:21,Minor Injury,Side-impact Collision,Poor Visibility,4,Three Wheeler; Motorcycle; Van; Lorry,36-45,0,3,Low,"Madampitiya Road, Colombo, Sri Lanka","Madampitiya Road, Colombo, Sri Lanka","Madampitiya Rd, Colombo, Sri Lanka",6.9624445,79.8714976
Baseline Road Dematagoda,2024-02-27,15:27,Serious Injury,Motorcycle Collision,Reckless Driving,2,Motorcycle; Car,18-25,0,5,High,"Baseline Road Dematagoda, Colombo, Sri Lanka","Baseline Road Dematagoda, Colombo, Sri Lanka","Baseline Rd, Colombo, Sri Lanka",6.9341248,79.8782223
Duplication Road Bambalapitiya,2023-08-31,07:22,Fatal,Pedestrian Collision,Overspeeding,1,Motorcycle,26-35,1,3,Low,"Duplication Road Bambalapitiya, Colombo, Sri Lanka","Duplication Road Bambalapitiya, Colombo, Sri Lanka","450 E R. A. De Mel Mawatha, Colombo 00200, Sri Lanka",6.9024028,79.8545389
Ekala Junction,2024-09-30,07:50,Fatal,Rear-end Collision,Reckless Driving,1,Motorcycle,18-25,1,1,Moderate,"Ekala Junction, Colombo, Sri Lanka","Ekala Junction, Colombo, Sri Lanka","Colombo, Sri Lanka",6.9270786,79.861243
Orugodawatta Junction,2024-02-27,07:15,Serious Injury,Motorcycle Collision,Overspeeding,1,Motorcycle,36-45,0,6,High,"Orugodawatta Junction, Colombo, Sri Lanka","Orugodawatta Junction, Colombo, Sri Lanka","WVWM+7XQ, Sri Lanka",6.9457149,79.8849868
Bambalapitiya Junction,2022-02-23,14:31,Minor Injury,Multi-vehicle Collision,Reckless Driving,3,Motorcycle; Three Wheeler; Lorry,18-25,0,2,Low,"Bambalapitiya Junction, Colombo, Sri Lanka","Bambalapitiya Junction, Colombo, Sri Lanka","Bambalapitiya, Colombo 00500, Sri Lanka",6.8894192,79.8575468
Slave Island Junction,2024-11-25,07:25,Serious Injury,Side-impact Collision,Overspeeding,3,Bicycle; Motorcycle; Three Wheeler,18-25,0,5,High,"Slave Island Junction, Colombo, Sri Lanka","Slave Island Junction, Colombo, Sri Lanka","Kompannavidiya Flyover, Colombo, Sri Lanka",6.9266493,79.8483123
"No. 9 Thimbirigasyaya Road, Colombo 05",2024-06-14,08:54,Minor Injury,Single Vehicle Crash,Pedestrian Negligence,1,Three Wheeler,26-35,0,4,Low,"No. 9 Thimbirigasyaya Road, Colombo 05, Colombo, Sri Lanka","No. 9 Thimbirigasyaya Road, Colombo 05, Colombo, Sri Lanka","9 Thimbirigasyaya Rd, Colombo 00500, Sri Lanka",6.894595499999999,79.8708351
Union Place Borella,2024-05-01,09:35,Minor Injury,Multi-vehicle Collision,Poor Visibility,4,Van; Three Wheeler; Motorcycle; Bicycle,18-25,0,4,Low,"Union Place Borella, Colombo, Sri Lanka","Union Place Borella, Colombo, Sri Lanka","Colombo 08, Colombo, Sri Lanka",6.9147836,79.8775951
Sea Street Kotahena,2024-05-13,18:38,Minor Injury,Head-on Collision,Driver Negligence,1,Three Wheeler,26-35,0,2,High,"Sea Street Kotahena, Colombo, Sri Lanka","Sea Street Kotahena, Colombo, Sri Lanka","Sea St, Colombo 01300, Sri Lanka",6.9418464,79.8542501
"Junction of Galle Road and Lauries Road, Colombo 04",2024-02-20,18:22,Serious Injury,Side-impact Collision,Overspeeding,2,Car; Bicycle,46-55,0,6,Moderate,"Junction of Galle Road and Lauries Road, Colombo 04, Colombo, Sri Lanka","Junction of Galle Road and Lauries Road, Colombo 04, Colombo, Sri Lanka","Lauries Rd & Galle Rd, Colombo, Sri Lanka",6.894600199999999,79.8551806
York Street Fort,2022-12-27,07:17,Minor Injury,Pedestrian Collision,Unsafe Lane Change,1,Motorcycle,26-35,0,1,Moderate,"York Street Fort, Colombo, Sri Lanka","York Street Fort, Colombo, Sri Lanka","York St, Colombo, Sri Lanka",6.9351279,79.8449701
"No. 23 Kynsey Road, Colombo 08",2024-05-11,14:35,Minor Injury,Rear-end Collision,Overspeeding,1,Bicycle,18-25,0,3,Low,"No. 23 Kynsey Road, Colombo 08, Colombo, Sri Lanka","No. 23 Kynsey Road, Colombo 08, Colombo, Sri Lanka","23 Kynsey Rd, Colombo 01000, Sri Lanka",6.9204655,79.8696448
Slave Island Junction,2024-06-22,22:58,Minor Injury,Multi-vehicle Collision,Distracted Driving,4,Three Wheeler; Bus; Lorry; Motorcycle,18-25,0,2,High,"Slave Island Junction, Colombo, Sri Lanka","Slave Island Junction, Colombo, Sri Lanka","Kompannavidiya Flyover, Colombo, Sri Lanka",6.9266493,79.8483123
Justice Akbar Mawatha Slave Island,2024-08-09,14:28,Minor Injury,Rear-end Collision,Reckless Driving,2,Car; Three Wheeler,46-55,0,3,Low,"Justice Akbar Mawatha Slave Island, Colombo, Sri Lanka","Justice Akbar Mawatha Slave Island, Colombo, Sri Lanka","Justice Akbar Mawatha, Colombo, Sri Lanka",6.9238481,79.8503668
"Junction of York Street and Chatham Street, Colombo 01",2022-08-29,09:32,Minor Injury,Rear-end Collision,Drunk Driving,1,Motorcycle,46-55,0,1,Low,"Junction of York Street and Chatham Street, Colombo 01, Colombo, Sri Lanka","Junction of York Street and Chatham Street, Colombo 01, Colombo, Sri Lanka","Chatham St & York St, Colombo, Sri Lanka",6.9343151,79.8447736
Kotahena Junction,2025-06-30,14:11,Minor Injury,Motorcycle Collision,Driver Negligence,1,Motorcycle,18-25,0,2,Low,"Kotahena Junction, Colombo, Sri Lanka","Kotahena Junction, Colombo, Sri Lanka","Kotahena St, Colombo 01300, Sri Lanka",6.9494699,79.8626776
High Level Road Kirulapone,2022-01-22,12:19,Fatal,Rear-end Collision,Overspeeding,1,Motorcycle,56+,1,3,High,"High Level Road Kirulapone, Colombo, Sri Lanka","High Level Road Kirulapone, Colombo, Sri Lanka","High Level Rd, Colombo, Sri Lanka",6.8775584,79.8793098
Sea Street Kotahena,2025-09-10,16:13,Fatal,Side-impact Collision,Unsafe Lane Change,2,Three Wheeler; Car,46-55,1,2,High,"Sea Street Kotahena, Colombo, Sri Lanka","Sea Street Kotahena, Colombo, Sri Lanka","Sea St, Colombo 01300, Sri Lanka",6.9418464,79.8542501
Galle Road Wellawatte,2025-02-07,23:33,Serious Injury,Motorcycle Collision,Failure to Yield,2,Motorcycle; Bicycle,26-35,0,3,High,"Galle Road Wellawatte, Colombo, Sri Lanka","Galle Road Wellawatte, Colombo, Sri Lanka","Galle Rd, Colombo, Sri Lanka",6.8755051,79.861039
Nugegoda Junction,2023-04-22,13:05,Minor Injury,Head-on Collision,Reckless Driving,1,Car,36-45,0,3,Low,"Nugegoda Junction, Colombo, Sri Lanka","Nugegoda Junction, Colombo, Sri Lanka","Nugegoda Junction, Nugegoda, Sri Lanka",6.872351,79.89024859999999
Battaramulla Junction,2023-01-28,08:31,Minor Injury,Motorcycle Collision,Unsafe Lane Change,2,Motorcycle; Bicycle,46-55,0,1,Low,"Battaramulla Junction, Colombo, Sri Lanka","Battaramulla Junction, Colombo, Sri Lanka","WW29+RVC, Battaramulla - Pannipitiya Rd, Sri Jayawardenepura Kotte, Sri Lanka",6.9020717,79.91965359999999
Hulftsdorp Junction,2024-04-27,18:51,Fatal,Motorcycle Collision,Failure to Yield,2,Motorcycle; Three Wheeler,18-25,1,1,High,"Hulftsdorp Junction, Colombo, Sri Lanka","Hulftsdorp Junction, Colombo, Sri Lanka","Hultsdorf St, Colombo, Sri Lanka",6.9375553,79.8608161
Mutwal Road Mutwal,2025-07-27,07:35,Fatal,Multi-vehicle Collision,Reckless Driving,4,Car; Three Wheeler; Motorcycle; Van,26-35,2,8,Moderate,"Mutwal Road Mutwal, Colombo, Sri Lanka","Mutwal Road Mutwal, Colombo, Sri Lanka","Muthuwella Mawatha, Colombo, Sri Lanka",6.9640994,79.8649458
Bauddhaloka Mawatha Cinnamon Gardens,2024-09-23,22:50,Minor Injury,Multi-vehicle Collision,Distracted Driving,2,Three Wheeler; Motorcycle,36-45,0,2,Moderate,"Bauddhaloka Mawatha Cinnamon Gardens, Colombo, Sri Lanka","Bauddhaloka Mawatha Cinnamon Gardens, Colombo, Sri Lanka","Bauddhaloka Mawatha, Colombo 00700, Sri Lanka",6.901932,79.8694402
"No. 65 Vajira Road, Colombo 05",2023-02-07,15:03,Minor Injury,Pedestrian Collision,Reckless Driving,1,Motorcycle,46-55,0,1,Low,"No. 65 Vajira Road, Colombo 05, Colombo, Sri Lanka","No. 65 Vajira Road, Colombo 05, Colombo, Sri Lanka","65 Vajira Rd, Colombo 00500, Sri Lanka",6.891528699999999,79.8608558
Justice Akbar Mawatha Slave Island,2025-11-06,23:50,Minor Injury,Multi-vehicle Collision,Overspeeding,4,Three Wheeler; Car; Van; Motorcycle,18-25,0,3,Low,"Justice Akbar Mawatha Slave Island, Colombo, Sri Lanka","Justice Akbar Mawatha Slave Island, Colombo, Sri Lanka","Justice Akbar Mawatha, Colombo, Sri Lanka",6.9238481,79.8503668
Kotahena Junction,2022-11-16,18:07,Serious Injury,Motorcycle Collision,Poor Visibility,4,Motorcycle; Bicycle; Three Wheeler; Car,56+,0,6,High,"Kotahena Junction, Colombo, Sri Lanka","Kotahena Junction, Colombo, Sri Lanka","Kotahena St, Colombo 01300, Sri Lanka",6.9494699,79.8626776
Sea Street Kotahena,2024-07-23,20:54,Serious Injury,Pedestrian Collision,Driver Negligence,2,Car; Van,26-35,0,4,High,"Sea Street Kotahena, Colombo, Sri Lanka","Sea Street Kotahena, Colombo, Sri Lanka","Sea St, Colombo 01300, Sri Lanka",6.9418464,79.8542501
Hulftsdorp Junction,2024-11-18,20:18,Serious Injury,Multi-vehicle Collision,Unsafe Lane Change,4,Motorcycle; Three Wheeler; Lorry; Car,26-35,0,2,High,"Hulftsdorp Junction, Colombo, Sri Lanka","Hulftsdorp Junction, Colombo, Sri Lanka","Hultsdorf St, Colombo, Sri Lanka",6.9375553,79.8608161
Borella Police Area,2022-12-19,19:01,Minor Injury,Single Vehicle Crash,Driver Negligence,1,Bus,36-45,0,1,Low,"Borella Police Area, Colombo, Sri Lanka","Borella Police Area, Colombo, Sri Lanka","Colombo 08, Colombo, Sri Lanka",6.9147836,79.8775951
Havelock Road Havelock Town,2023-12-19,17:40,Fatal,Rear-end Collision,Failure to Yield,2,Bicycle; Motorcycle,36-45,1,5,High,"Havelock Road Havelock Town, Colombo, Sri Lanka","Havelock Road Havelock Town, Colombo, Sri Lanka","Havelock Rd, Colombo 00500, Sri Lanka",6.8903417,79.8638234
Baseline Road Borella,2022-06-03,18:30,Minor Injury,Single Vehicle Crash,Driver Negligence,1,Lorry,18-25,0,1,Moderate,"Baseline Road Borella, Colombo, Sri Lanka","Baseline Road Borella, Colombo, Sri Lanka","Baseline Rd, Colombo, Sri Lanka",6.919902,79.8776917
Town Hall Area,2022-12-14,18:38,Minor Injury,Motorcycle Collision,Driver Fatigue,3,Motorcycle; Bicycle; Car,36-45,0,1,Moderate,"Town Hall Area, Colombo, Sri Lanka","Town Hall Area, Colombo, Sri Lanka","Town Hall, Colombo 01000, Sri Lanka",6.9158502,79.8637861
Panchikawatte,2025-07-07,21:06,Serious Injury,Multi-vehicle Collision,Driver Negligence,3,Car; Motorcycle; Lorry,56+,0,5,Moderate,"Panchikawatte, Colombo, Sri Lanka","Panchikawatte, Colombo, Sri Lanka","Panchikawatta, Colombo 01000, Sri Lanka",6.9309682,79.8639835
Fort Railway Station Area,2024-10-27,17:07,Minor Injury,Motorcycle Collision,Driver Negligence,1,Motorcycle,56+,0,1,Low,"Fort Railway Station Area, Colombo, Sri Lanka","Fort Railway Station Area, Colombo, Sri Lanka","Fort Railway station, Colombo, Sri Lanka",6.9337011,79.85003019999999