Location,Date of Accident,Time of Accident,Accident Severity,Collision Type,Cause of Accident,Number of Vehicles,Vehicle Types,Driver Age Group,Number of Fatalities,Number of Injuries,Property Damage Level,location_standardized,location_name,formatted_address,latitude,longitude
Borella Junction,2022-05-29,03:04,Minor Injury,Motorcycle Collision,Unsafe Lane Change,2,Motorcycle; Bicycle,56+,0,2,Moderate,"Borella Junction, Colombo, Sri Lanka","Borella Junction, Colombo, Sri Lanka","18 Dr NM Perera Mawatha Rd, Colombo 00800, Sri Lanka",6.9139525,79.878481
Maradana Junction,2023-12-09,10:44,Minor Injury,Single Vehicle Crash,Reckless Driving,1,Motorcycle,56+,0,4,Low,"Maradana Junction, Colombo, Sri Lanka","Maradana Junction, Colombo, Sri Lanka","Maradana Junction, Colombo 01000, Sri Lanka",6.928874,79.8637428
Bambalapitiya Railway Station Area,2023-01-24,11:58,Minor Injury,Side-impact Collision,Overspeeding,1,Three Wheeler,26-35,0,2,Moderate,"Bambalapitiya Railway Station Area, Colombo, Sri Lanka","Bambalapitiya Railway Station Area, Colombo, Sri Lanka","Bambalapitiya Railway Station, Colombo, Sri Lanka",6.8936984,79.8529574
Union Place Slave Island,2025-11-16,06:52,Minor Injury,Motorcycle Collision,Driver Fatigue,1,Motorcycle,26-35,0,2,Moderate,"Union Place Slave Island, Colombo, Sri Lanka","Union Place Slave Island, Colombo, Sri Lanka","Union Pl, Colombo, Sri Lanka",6.9203664,79.8578057
Wellawatte Junction,2023-09-08,23:52,Minor Injury,Motorcycle Collision,Overspeeding,2,Motorcycle; Bus,26-35,0,1,Low,"Wellawatte Junction, Colombo, Sri Lanka","Wellawatte Junction, Colombo, Sri Lanka","Wellawatte, Colombo 00600, Sri Lanka",6.874092099999999,79.8604934
Messenger Street Pettah,2025-11-15,21:47,Serious Injury,Multi-vehicle Collision,Overspeeding,3,Van; Three Wheeler; Motorcycle,46-55,0,4,High,"Messenger Street Pettah, Colombo, Sri Lanka","Messenger Street Pettah, Colombo, Sri Lanka","M. J. M. Lafeer Mawatha, Colombo, Sri Lanka",6.9411356,79.8629811
Bambalapitiya Junction,2023-05-16,19:13,Minor Injury,Multi-vehicle Collision,Driver Fatigue,3,Van; Three Wheeler; Bus,18-25,0,3,Low,"Bambalapitiya Junction, Colombo, Sri Lanka","Bambalapitiya Junction, Colombo, Sri Lanka","Bambalapitiya, Colombo 00500, Sri Lanka",6.8894192,79.8575468
Olcott Mawatha Pettah,2023-12-14,11:04,Minor Injury,Rear-end Collision,Driver Negligence,2,Motorcycle; Bicycle,36-45,0,1,Moderate,"Olcott Mawatha Pettah, Colombo, Sri Lanka","Olcott Mawatha Pettah, Colombo, Sri Lanka","Olcott Mawatha, Colombo, Sri Lanka",6.9344449,79.8544929
Sir Chittampalam A Gardiner Mawatha Fort,2025-01-05,14:02,Serious Injury,Multi-vehicle Collision,Reckless Driving,3,Bicycle; Motorcycle; Car,36-45,0,6,Low,"Sir Chittampalam A Gardiner Mawatha Fort, Colombo, Sri Lanka","Sir Chittampalam A Gardiner Mawatha Fort, Colombo, Sri Lanka","Sir Chittampalam A Gardiner Mawath, Colombo, Sri Lanka",6.9298377,79.8477933
Slave Island Junction,2022-08-28,12:27,Minor Injury,Motorcycle Collision,Distracted Driving,2,Motorcycle; Three Wheeler,18-25,0,2,Low,"Slave Island Junction, Colombo, Sri Lanka","Slave Island Junction, Colombo, Sri Lanka","Kompannavidiya Flyover, Colombo, Sri Lanka",6.9266493,79.8483123
Maradana Junction,2025-04-25,07:04,Minor Injury,Rear-end Collision,Driver Negligence,1,Van,26-35,0,1,Low,"Maradana Junction, Colombo, Sri Lanka","Maradana Junction, Colombo, Sri Lanka","Maradana Junction, Colombo 01000, Sri Lanka",6.928874,79.8637428
Narahenpita Junction,2024-10-25,16:27,Fatal,Single Vehicle Crash,Overspeeding,1,Bicycle,18-25,1,3,Low,"Narahenpita Junction, Colombo, Sri Lanka","Narahenpita Junction, Colombo, Sri Lanka","Narahenpita, Colombo 00500, Sri Lanka",6.8899209,79.8826281
Darley Road Cinnamon Gardens,2024-08-27,06:48,Fatal,Side-impact Collision,Driver Fatigue,1,Motorcycle,46-55,1,5,High,"Darley Road Cinnamon Gardens, Colombo, Sri Lanka","Darley Road Cinnamon Gardens, Colombo, Sri Lanka","Darley Rd, Colombo, Sri Lanka",6.9228616,79.8620451
"Junction of Darley Road and Norris Canal Road, Colombo 10",2025-01-21,08:55,Minor Injury,Side-impact Collision,Distracted Driving,2,Three Wheeler; Bus,18-25,0,4,Moderate,"Junction of Darley Road and Norris Canal Road, Colombo 10, Colombo, Sri Lanka","Junction of Darley Road and Norris Canal Road, Colombo 10, Colombo, Sri Lanka","Norris Canal Rd, Colombo 01000, Sri Lanka",6.9210399,79.8659874
Colombo 07 Junction,2023-11-30,14:10,Minor Injury,Single Vehicle Crash,Reckless Driving,1,Motorcycle,36-45,0,1,Low,"Colombo 07 Junction, Colombo, Sri Lanka","Colombo 07 Junction, Colombo, Sri Lanka","Colombo 07, Colombo 00700, Sri Lanka",6.9066125,79.8596227
Pettah Clock Tower Area,2025-12-10,22:13,Serious Injury,Motorcycle Collision,Pedestrian Negligence,2,Motorcycle; Bus,26-35,0,2,High,"Pettah Clock Tower Area, Colombo, Sri Lanka","Pettah Clock Tower Area, Colombo, Sri Lanka","Pettah, Colombo, Sri Lanka",6.9367858,79.8525385
"Junction of Galle Road and R A de Mel Mawatha, Colombo 03",2024-09-14,17:27,Minor Injury,Pedestrian Collision,Driver Negligence,1,Motorcycle,18-25,0,2,Low,"Junction of Galle Road and R A de Mel Mawatha, Colombo 03, Colombo, Sri Lanka","Junction of Galle Road and R A de Mel Mawatha, Colombo 03, Colombo, Sri Lanka","R. A. De Mel Mawatha & Galle Rd, Colombo 00700, Sri Lanka",6.912078699999999,79.8510381
Grandpass Junction,2022-03-10,09:00,Minor Injury,Pedestrian Collision,Overspeeding,2,Van; Three Wheeler,46-55,0,2,Moderate,"Grandpass Junction, Colombo, Sri Lanka","Grandpass Junction, Colombo, Sri Lanka","Grandpass Rd, Colombo, Sri Lanka",6.9432514,79.8685531
Mutwal Road Mutwal,2025-01-10,06:56,Fatal,Multi-vehicle Collision,Distracted Driving,3,Motorcycle; Three Wheeler; Car,18-25,2,4,Moderate,"Mutwal Road Mutwal, Colombo, Sri Lanka","Mutwal Road Mutwal, Colombo, Sri Lanka","Muthuwella Mawatha, Colombo, Sri Lanka",6.9640994,79.8649458
Bambalapitiya Junction,2024-06-09,12:50,Serious Injury,Multi-vehicle Collision,Overspeeding,4,Car; Three Wheeler; Motorcycle; Bus,26-35,0,6,Moderate,"Bambalapitiya Junction, Colombo, Sri Lanka","Bambalapitiya Junction, Colombo, Sri Lanka","Bambalapitiya, Colombo 00500, Sri Lanka",6.8894192,79.8575468
Havelock Road Havelock Town,2024-11-25,08:01,Minor Injury,Multi-vehicle Collision,Failure to Yield,4,Van; Bus; Motorcycle; Three Wheeler,36-45,0,4,Low,"Havelock Road Havelock Town, Colombo, Sri Lanka","Havelock Road Havelock Town, Colombo, Sri Lanka","Havelock Rd, Colombo 00500, Sri Lanka",6.8903417,79.8638234
Galle Road Wellawatte,2025-12-05,21:20,Minor Injury,Motorcycle Collision,Overspeeding,2,Motorcycle; Bicycle,36-45,0,2,Low,"Galle Road Wellawatte, Colombo, Sri Lanka","Galle Road Wellawatte, Colombo, Sri Lanka","Galle Rd, Colombo, Sri Lanka",6.8755051,79.861039
Pettah Market Area,2025-09-11,09:57,Minor Injury,Single Vehicle Crash,Driver Negligence,1,Motorcycle,26-35,0,2,Low,"Pettah Market Area, Colombo, Sri Lanka","Pettah Market Area, Colombo, Sri Lanka","WVP3+VMM, Keyzer St, Colombo 01100, Sri Lanka",6.937201699999999,79.854187
T B Jayah Mawatha Maradana,2024-09-05,04:39,Minor Injury,Pedestrian Collision,Distracted Driving,1,Motorcycle,46-55,0,1,Moderate,"T B Jayah Mawatha Maradana, Colombo, Sri Lanka","T B Jayah Mawatha Maradana, Colombo, Sri Lanka","T. B. Jayah Mawatha, Colombo, Sri Lanka",6.9235871,79.8619082
Messenger Street Pettah,2023-08-24,00:28,Minor Injury,Rear-end Collision,Overspeeding,3,Bicycle; Lorry; Motorcycle,26-35,0,4,Low,"Messenger Street Pettah, Colombo, Sri Lanka","Messenger Street Pettah, Colombo, Sri Lanka","M. J. M. Lafeer Mawatha, Colombo, Sri Lanka",6.9411356,79.8629811
Bauddhaloka Mawatha Havelock Town,2024-03-20,19:27,Minor Injury,Rear-end Collision,Overspeeding,2,Lorry; Bicycle,36-45,0,4,Low,"Bauddhaloka Mawatha Havelock Town, Colombo, Sri Lanka","Bauddhaloka Mawatha Havelock Town, Colombo, Sri Lanka","Bauddhaloka Mawatha, Colombo, Sri Lanka",6.897011,79.8598172
Marine Drive Kollupitiya,2023-11-05,09:10,Serious Injury,Pedestrian Collision,Overspeeding,2,Motorcycle; Three Wheeler,18-25,0,6,High,"Marine Drive Kollupitiya, Colombo, Sri Lanka","Marine Drive Kollupitiya, Colombo, Sri Lanka","Marine Drive, Colombo, Sri Lanka",6.9061405,79.8497258
Panchikawatte,2025-11-12,21:18,Minor Injury,Rear-end Collision,Distracted Driving,2,Motorcycle; Three Wheeler,46-55,0,4,Moderate,"Panchikawatte, Colombo, Sri Lanka","Panchikawatte, Colombo, Sri Lanka","Panchikawatta, Colombo 01000, Sri Lanka",6.9309682,79.8639835
Duplication Road Bambalapitiya,2025-06-17,21:05,Minor Injury,Pedestrian Collision,Unsafe Lane Change,1,Motorcycle,26-35,0,1,Moderate,"Duplication Road Bambalapitiya, Colombo, Sri Lanka","Duplication Road Bambalapitiya, Colombo, Sri Lanka","450 E R. A. De Mel Mawatha, Colombo 00200, Sri Lanka",6.9024028,79.8545389
T B Jayah Mawatha Maradana,2023-07-12,17:43,Fatal,Rear-end Collision,Reckless Driving,1,Motorcycle,36-45,1,5,High,"T B Jayah Mawatha Maradana, Colombo, Sri Lanka","T B Jayah Mawatha Maradana, Colombo, Sri Lanka","T. B. Jayah Mawatha, Colombo, Sri Lanka",6.9235871,79.8619082
Baseline Road Borella,2022-09-22,22:56,Serious Injury,Pedestrian Collision,Overspeeding,2,Three Wheeler; Bus,46-55,0,3,High,"Baseline Road Borella, Colombo, Sri Lanka","Baseline Road Borella, Colombo, Sri Lanka","Baseline Rd, Colombo, Sri Lanka",6.919902,79.8776917
Bambalapitiya Junction,2024-05-09,16:56,Serious Injury,Rear-end Collision,Driver Negligence,1,Three Wheeler,18-25,0,3,High,"Bambalapitiya Junction, Colombo, Sri Lanka","Bambalapitiya Junction, Colombo, Sri Lanka","Bambalapitiya, Colombo 00500, Sri Lanka",6.8894192,79.8575468
Sir Chittampalam A Gardiner Mawatha Fort,2025-12-12,17:50,Minor Injury,Side-impact Collision,Distracted Driving,1,Three Wheeler,36-45,0,4,Moderate,"Sir Chittampalam A Gardiner Mawatha Fort, Colombo, Sri Lanka","Sir Chittampalam A Gardiner Mawatha Fort, Colombo, Sri Lanka","Sir Chittampalam A Gardiner Mawath, Colombo, Sri Lanka",6.9298377,79.8477933
Olcott Mawatha Pettah,2023-08-08,22:19,Serious Injury,Motorcycle Collision,Reckless Driving,2,Motorcycle; Bicycle,36-45,0,6,Moderate,"Olcott Mawatha Pettah, Colombo, Sri Lanka","Olcott Mawatha Pettah, Colombo, Sri Lanka","Olcott Mawatha, Colombo, Sri Lanka",6.9344449,79.8544929
Colombo 07 Junction,2023-02-07,12:23,Minor Injury,Motorcycle Collision,Reckless Driving,1,Motorcycle,18-25,0,1,Low,"Colombo 07 Junction, Colombo, Sri Lanka","Colombo 07 Junction, Colombo, Sri Lanka","Colombo 07, Colombo 00700, Sri Lanka",6.9066125,79.8596227
Borella Junction,2023-09-12,16:24,Minor Injury,Motorcycle Collision,Overspeeding,2,Motorcycle; Van,26-35,0,3,Moderate,"Borella Junction, Colombo, Sri Lanka","Borella Junction, Colombo, Sri Lanka","18 Dr NM Perera Mawatha Rd, Colombo 00800, Sri Lanka",6.9139525,79.878481
Union Place Slave Island,2024-09-17,03:00,Serious Injury,Single Vehicle Crash,Overspeeding,1,Car,36-45,0,3,Moderate,"Union Place Slave Island, Colombo, Sri Lanka","Union Place Slave Island, Colombo, Sri Lanka","Union Pl, Colombo, Sri Lanka",6.9203664,79.8578057
Kotahena Junction,2022-01-25,19:16,Serious Injury,Motorcycle Collision,Driver Negligence,3,Motorcycle; Three Wheeler; Car,26-35,0,6,Moderate,"Kotahena Junction, Colombo, Sri Lanka","Kotahena Junction, Colombo, Sri Lanka","Kotahena St, Colombo 01300, Sri Lanka",6.9494699,79.8626776
Fort Railway Station Area,2023-07-20,22:57,Serious Injury,Rear-end Collision,Reckless Driving,1,Lorry,36-45,0,4,High,"Fort Railway Station Area, Colombo, Sri Lanka","Fort Railway Station Area, Colombo, Sri Lanka","Fort Railway station, Colombo, Sri Lanka",6.9337011,79.85003019999999
Pamankada Junction,2025-01-02,19:32,Serious Injury,Rear-end Collision,Driver Negligence,1,Bicycle,26-35,0,6,High,"Pamankada Junction, Colombo, Sri Lanka","Pamankada Junction, Colombo, Sri Lanka","Pamankada Ln, Colombo, Sri Lanka",6.8756803,79.8676529
Maradana Junction,2022-04-09,14:30,Serious Injury,Motorcycle Collision,Overspeeding,2,Motorcycle; Bicycle,18-25,0,3,High,"Maradana Junction, Colombo, Sri Lanka","Maradana Junction, Colombo, Sri Lanka","Maradana Junction, Colombo 01000, Sri Lanka",6.928874,79.8637428
Havelock Road Havelock Town,2025-09-21,17:56,Serious Injury,Pedestrian Collision,Reckless Driving,2,Motorcycle; Three Wheeler,18-25,0,5,Moderate,"Havelock Road Havelock Town, Colombo, Sri Lanka","Havelock Road Havelock Town, Colombo, Sri Lanka","Havelock Rd, Colombo 00500, Sri Lanka",6.8903417,79.8638234
Kotahena Junction,2023-09-28,03:36,Serious Injury,Motorcycle Collision,Reckless Driving,2,Motorcycle; Three Wheeler,18-25,0,3,High,"Kotahena Junction, Colombo, Sri Lanka","Kotahena Junction, Colombo, Sri Lanka","Kotahena St, Colombo 01300, Sri Lanka",6.9494699,79.8626776
"Junction of Sirimavo Bandaranaike Mawatha and Grandpass Road, Colombo 14",2024-08-20,19:55,Minor Injury,Single Vehicle Crash,Driver Fatigue,1,Three Wheeler,18-25,0,3,Low,"Junction of Sirimavo Bandaranaike Mawatha and Grandpass Road, Colombo 14, Colombo, Sri Lanka","Junction of Sirimavo Bandaranaike Mawatha and Grandpass Road, Colombo 14, Colombo, Sri Lanka","14 Grandpass Rd, Colombo 01400, Sri Lanka",6.941933,79.8652595
Liberty Plaza Area,2025-03-18,23:43,Serious Injury,Single Vehicle Crash,Reckless Driving,1,Car,26-35,0,2,Low,"Liberty Plaza Area, Colombo, Sri Lanka","Liberty Plaza Area, Colombo, Sri Lanka","300 Srimath Anagarika Dharmapala Mawatha, Colombo 00300, Sri Lanka",6.9118996,79.85130869999999
Narahenpita Junction,2023-04-01,14:38,Minor Injury,Pedestrian Collision,Poor Visibility,1,Three Wheeler,46-55,0,2,Moderate,"Narahenpita Junction, Colombo, Sri Lanka","Narahenpita Junction, Colombo, Sri Lanka","Narahenpita, Colombo 00500, Sri Lanka",6.8899209,79.8826281
Dematagoda Junction,2025-01-13,15:28,Serious Injury,Multi-vehicle Collision,Driver Fatigue,4,Car; Van; Bicycle; Three Wheeler,56+,0,6,Moderate,"Dematagoda Junction, Colombo, Sri Lanka","Dematagoda Junction, Colombo, Sri Lanka","Dematagoda Pl, Colombo, Sri Lanka",6.9293231,79.8764195
Baseline Road Borella,2023-11-18,11:05,Serious Injury,Motorcycle Collision,Distracted Driving,3,Motorcycle; Bicycle; Three Wheeler,18-25,0,3,High,"Baseline Road Borella, Colombo, Sri Lanka","Baseline Road Borella, Colombo, Sri Lanka","Baseline Rd, Colombo, Sri Lanka",6.919902,79.8776917
Rajagiriya Flyover,2023-07-18,22:50,Minor Injury,Rear-end Collision,Failure to Yield,2,Motorcycle; Car,36-45,0,1,Low,"Rajagiriya Flyover, Colombo, Sri Lanka","Rajagiriya Flyover, Colombo, Sri Lanka","Rajagiriya Flyover, Sri Lanka",6.909007,79.8958705
Sea Street Pettah,2023-12-28,07:11,Fatal,Multi-vehicle Collision,Reckless Driving,4,Bicycle; Three Wheeler; Van; Motorcycle,46-55,2,7,Low,"Sea Street Pettah, Colombo, Sri Lanka","Sea Street Pettah, Colombo, Sri Lanka","Sea St, Colombo 01300, Sri Lanka",6.9418464,79.8542501
Union Place Slave Island,2023-11-18,19:58,Serious Injury,Side-impact Collision,Distracted Driving,3,Bus; Car; Three Wheeler,26-35,0,6,High,"Union Place Slave Island, Colombo, Sri Lanka","Union Place Slave Island, Colombo, Sri Lanka","Union Pl, Colombo, Sri Lanka",6.9203664,79.8578057
Union Place Slave Island,2023-03-01,17:21,Fatal,Single Vehicle Crash,Overspeeding,1,Motorcycle,46-55,1,3,High,"Union Place Slave Island, Colombo, Sri Lanka","Union Place Slave Island, Colombo, Sri Lanka","Union Pl, Colombo, Sri Lanka",6.9203664,79.8578057
Pettah Clock Tower Area,2023-11-01,10:27,Serious Injury,Multi-vehicle Collision,Mechanical Failure,3,Car; Motorcycle; Three Wheeler,26-35,0,4,High,"Pettah Clock Tower Area, Colombo, Sri Lanka","Pettah Clock Tower Area, Colombo, Sri Lanka","Pettah, Colombo, Sri Lanka",6.9367858,79.8525385
Malabe Junction,2025-08-09,09:58,Minor Injury,Side-impact Collision,Driver Negligence,4,Motorcycle; Lorry; Car; Three Wheeler,46-55,0,3,Low,"Malabe Junction, Colombo, Sri Lanka","Malabe Junction, Colombo, Sri Lanka","Malabe Junction, Malabe, Sri Lanka",6.903892799999999,79.955015
"Junction of Kandy Road and Kiribathgoda Road, Kelaniya",2025-11-22,03:13,Minor Injury,Multi-vehicle Collision,Reckless Driving,3,Three Wheeler; Car; Bicycle,18-25,0,4,Low,"Junction of Kandy Road and Kiribathgoda Road, Kelaniya, Colombo, Sri Lanka","Junction of Kandy Road and Kiribathgoda Road, Kelaniya, Colombo, Sri Lanka","Kiribathgoda-Sapugaskanda Rd & Kandy Rd, Kiribathgoda, Sri Lanka",6.9782616,79.9272684
Bauddhaloka Mawatha Cinnamon Gardens,2024-05-20,12:22,Minor Injury,Pedestrian Collision,Overspeeding,1,Three Wheeler,26-35,0,2,Low,"Bauddhaloka Mawatha Cinnamon Gardens, Colombo, Sri Lanka","Bauddhaloka Mawatha Cinnamon Gardens, Colombo, Sri Lanka","Bauddhaloka Mawatha, Colombo 00700, Sri Lanka",6.901932,79.8694402
Modara Junction,2024-03-28,03:16,Minor Injury,Rear-end Collision,Failure to Yield,2,Motorcycle; Lorry,18-25,0,4,Low,"Modara Junction, Colombo, Sri Lanka","Modara Junction, Colombo, Sri Lanka","Modara, Colombo, Sri Lanka",6.9669247,79.8711533
Kandy Road Kelaniya,2023-11-06,17:28,Minor Injury,Pedestrian Collision,Driver Negligence,1,Motorcycle,26-35,0,1,Low,"Kandy Road Kelaniya, Colombo, Sri Lanka","Kandy Road Kelaniya, Colombo, Sri Lanka","Kandy Rd, Colombo, Sri Lanka",6.9559402,79.8879039
Borella Junction,2025-10-14,18:42,Serious Injury,Motorcycle Collision,Unsafe Lane Change,3,Motorcycle; Lorry; Car,36-45,0,6,High,"Borella Junction, Colombo, Sri Lanka","Borella Junction, Colombo, Sri Lanka","18 Dr NM Perera Mawatha Rd, Colombo 00800, Sri Lanka",6.9139525,79.878481
Dematagoda Junction,2025-12-27,12:58,Minor Injury,Motorcycle Collision,Reckless Driving,2,Motorcycle; Three Wheeler,46-55,0,3,Moderate,"Dematagoda Junction, Colombo, Sri Lanka","Dematagoda Junction, Colombo, Sri Lanka","Dematagoda Pl, Colombo, Sri Lanka",6.9293231,79.8764195
Sea Street Pettah,2023-10-04,19:19,Fatal,Rear-end Collision,Overspeeding,4,Three Wheeler; Motorcycle; Van; Car,26-35,1,7,High,"Sea Street Pettah, Colombo, Sri Lanka","Sea Street Pettah, Colombo, Sri Lanka","Sea St, Colombo 01300, Sri Lanka",6.9418464,79.8542501
Bauddhaloka Mawatha Cinnamon Gardens,2025-02-03,21:13,Minor Injury,Rear-end Collision,Driver Fatigue,2,Car; Three Wheeler,46-55,0,1,Low,"Bauddhaloka Mawatha Cinnamon Gardens, Colombo, Sri Lanka","Bauddhaloka Mawatha Cinnamon Gardens, Colombo, Sri Lanka","Bauddhaloka Mawatha, Colombo 00700, Sri Lanka",6.901932,79.8694402
Wellawatte Junction,2025-12-31,09:38,Minor Injury,Rear-end Collision,Overspeeding,2,Motorcycle; Van,36-45,0,2,Low,"Wellawatte Junction, Colombo, Sri Lanka","Wellawatte Junction, Colombo, Sri Lanka","Wellawatte, Colombo 00600, Sri Lanka",6.874092099999999,79.8604934
Narahenpita Junction,2025-06-03,14:19,Serious Injury,Motorcycle Collision,Driver Negligence,2,Motorcycle; Lorry,18-25,0,2,High,"Narahenpita Junction, Colombo, Sri Lanka","Narahenpita Junction, Colombo, Sri Lanka","Narahenpita, Colombo 00500, Sri Lanka",6.8899209,79.8826281
Grandpass Junction,2023-03-04,03:17,Minor Injury,Side-impact Collision,Overspeeding,1,Car,18-25,0,2,Low,"Grandpass Junction, Colombo, Sri Lanka","Grandpass Junction, Colombo, Sri Lanka","Grandpass Rd, Colombo, Sri Lanka",6.9432514,79.8685531
Bauddhaloka Mawatha Havelock Town,2024-11-15,18:32,Minor Injury,Single Vehicle Crash,Unsafe Lane Change,1,Three Wheeler,46-55,0,4,Low,"Bauddhaloka Mawatha Havelock Town, Colombo, Sri Lanka","Bauddhaloka Mawatha Havelock Town, Colombo, Sri Lanka","Bauddhaloka Mawatha, Colombo, Sri Lanka",6.897011,79.8598172
Union Place Slave Island,2023-11-21,13:03,Fatal,Multi-vehicle Collision,Driver Negligence,3,Van; Motorcycle; Car,26-35,1,7,Moderate,"Union Place Slave Island, Colombo, Sri Lanka","Union Place Slave Island, Colombo, Sri Lanka","Union Pl, Colombo, Sri Lanka",6.9203664,79.8578057
Kotahena Junction,2025-04-17,14:46,Fatal,Motorcycle Collision,Reckless Driving,3,Motorcycle; Van; Car,26-35,1,4,High,"Kotahena Junction, Colombo, Sri Lanka","Kotahena Junction, Colombo, Sri Lanka","Kotahena St, Colombo 01300, Sri Lanka",6.9494699,79.8626776
Fort Railway Station Area,2025-08-17,07:18,Serious Injury,Single Vehicle Crash,Unsafe Lane Change,1,Motorcycle,18-25,0,2,High,"Fort Railway Station Area, Colombo, Sri Lanka","Fort Railway Station Area, Colombo, Sri Lanka","Fort Railway station, Colombo, Sri Lanka",6.9337011,79.85003019999999
Olcott Mawatha Pettah,2023-07-19,20:56,Minor Injury,Rear-end Collision,Driver Negligence,3,Motorcycle; Bicycle; Bus,26-35,0,4,Moderate,"Olcott Mawatha Pettah, Colombo, Sri Lanka","Olcott Mawatha Pettah, Colombo, Sri Lanka","Olcott Mawatha, Colombo, Sri Lanka",6.9344449,79.8544929
Sir Chittampalam A Gardiner Mawatha Fort,2025-01-08,09:57,Serious Injury,Single Vehicle Crash,Driver Negligence,1,Three Wheeler,36-45,0,2,High,"Sir Chittampalam A Gardiner Mawatha Fort, Colombo, Sri Lanka","Sir Chittampalam A Gardiner Mawatha Fort, Colombo, Sri Lanka","Sir Chittampalam A Gardiner Mawath, Colombo, Sri Lanka",6.9298377,79.8477933
Armour Street Junction,2025-11-08,03:21,Minor Injury,Pedestrian Collision,Driver Negligence,1,Motorcycle,26-35,0,2,Moderate,"Armour Street Junction, Colombo, Sri Lanka","Armour Street Junction, Colombo, Sri Lanka","Armour St, Colombo, Sri Lanka",6.9424222,79.8637618
Maradana Junction,2025-11-15,19:59,Minor Injury,Head-on Collision,Unsafe Lane Change,1,Car,36-45,0,1,High,"Maradana Junction, Colombo, Sri Lanka","Maradana Junction, Colombo, Sri Lanka","Maradana Junction, Colombo 01000, Sri Lanka",6.928874,79.8637428
Kotahena Junction,2024-07-19,17:24,Serious Injury,Rear-end Collision,Overspeeding,4,Three Wheeler; Bicycle; Motorcycle; Car,36-45,0,5,Moderate,"Kotahena Junction, Colombo, Sri Lanka","Kotahena Junction, Colombo, Sri Lanka","Kotahena St, Colombo 01300, Sri Lanka",6.9494699,79.8626776
D R Wijewardena Mawatha Dematagoda,2024-06-23,18:49,Serious Injury,Motorcycle Collision,Driver Negligence,2,Motorcycle; Van,36-45,0,3,High,"D R Wijewardena Mawatha Dematagoda, Colombo, Sri Lanka","D R Wijewardena Mawatha Dematagoda, Colombo, Sri Lanka","McCallum Rd, Colombo, Sri Lanka",6.9315143,79.8545206
Wellawatte Junction,2025-08-11,17:45,Serious Injury,Side-impact Collision,Overspeeding,1,Three Wheeler,18-25,0,6,High,"Wellawatte Junction, Colombo, Sri Lanka","Wellawatte Junction, Colombo, Sri Lanka","Wellawatte, Colombo 00600, Sri Lanka",6.874092099999999,79.8604934
Kochchikade Junction,2024-03-17,07:45,Serious Injury,Rear-end Collision,Overspeeding,2,Motorcycle; Three Wheeler,36-45,0,6,Low,"Kochchikade Junction, Colombo, Sri Lanka","Kochchikade Junction, Colombo, Sri Lanka","Colombo, Sri Lanka",6.9270786,79.861243
Modara Junction,2024-07-18,14:43,Serious Injury,Rear-end Collision,Driver Negligence,1,Car,26-35,0,3,Moderate,"Modara Junction, Colombo, Sri Lanka","Modara Junction, Colombo, Sri Lanka","Modara, Colombo, Sri Lanka",6.9669247,79.8711533
Bauddhaloka Mawatha Havelock Town,2022-04-16,15:14,Fatal,Pedestrian Collision,Reckless Driving,2,Car; Three Wheeler,56+,1,4,High,"Bauddhaloka Mawatha Havelock Town, Colombo, Sri Lanka","Bauddhaloka Mawatha Havelock Town, Colombo, Sri Lanka","Bauddhaloka Mawatha, Colombo, Sri Lanka",6.897011,79.8598172
Slave Island Junction,2023-05-27,08:44,Minor Injury,Multi-vehicle Collision,Reckless Driving,3,Three Wheeler; Bicycle; Motorcycle,18-25,0,2,Low,"Slave Island Junction, Colombo, Sri Lanka","Slave Island Junction, Colombo, Sri Lanka","Kompannavidiya Flyover, Colombo, Sri Lanka",6.9266493,79.8483123
Darley Road Cinnamon Gardens,2025-05-07,14:24,Minor Injury,Single Vehicle Crash,Reckless Driving,1,Lorry,18-25,0,4,Moderate,"Darley Road Cinnamon Gardens, Colombo, Sri Lanka","Darley Road Cinnamon Gardens, Colombo, Sri Lanka","Darley Rd, Colombo, Sri Lanka",6.9228616,79.8620451
Duplication Road Bambalapitiya,2023-08-16,23:39,Minor Injury,Rear-end Collision,Driver Fatigue,3,Three Wheeler; Motorcycle; Van,26-35,0,2,Moderate,"Duplication Road Bambalapitiya, Colombo, Sri Lanka","Duplication Road Bambalapitiya, Colombo, Sri Lanka","450 E R. A. De Mel Mawatha, Colombo 00200, Sri Lanka",6.9024028,79.8545389
Pettah Clock Tower Area,2023-07-30,17:06,Serious Injury,Single Vehicle Crash,Reckless Driving,1,Van,26-35,0,6,High,"Pettah Clock Tower Area, Colombo, Sri Lanka","Pettah Clock Tower Area, Colombo, Sri Lanka","Pettah, Colombo, Sri Lanka",6.9367858,79.8525385