Location,Date of Accident,Time of Accident,Accident Severity,Collision Type,Cause of Accident,Number of Vehicles,Vehicle Types,Driver Age Group,Number of Fatalities,Number of Injuries,Property Damage Level,location_standardized,location_name,formatted_address,latitude,longitude
Sea Street Kotahena,2022-09-09,08:08,Minor Injury,Pedestrian Collision,Reckless Driving,2,Motorcycle; Three Wheeler,46-55,0,2,High,"Sea Street Kotahena, Colombo, Sri Lanka","Sea Street Kotahena, Colombo, Sri Lanka","Sea St, Colombo 01300, Sri Lanka",6.9418464,79.8542501
Bauddhaloka Mawatha Havelock Town,2024-01-23,19:41,Fatal,Motorcycle Collision,Overspeeding,3,Motorcycle; Car; Three Wheeler,18-25,1,5,Moderate,"Bauddhaloka Mawatha Havelock Town, Colombo, Sri Lanka","Bauddhaloka Mawatha Havelock Town, Colombo, Sri Lanka","Bauddhaloka Mawatha, Colombo, Sri Lanka",6.897011,79.8598172
Kochchikade Junction,2025-04-23,00:59,Minor Injury,Side-impact Collision,Reckless Driving,2,Motorcycle; Lorry,56+,0,1,Low,"Kochchikade Junction, Colombo, Sri Lanka","Kochchikade Junction, Colombo, Sri Lanka","Colombo, Sri Lanka",6.9270786,79.861243
Borella Junction,2024-06-05,19:57,Minor Injury,Rear-end Collision,Distracted Driving,2,Three Wheeler; Motorcycle,46-55,0,4,Low,"Borella Junction, Colombo, Sri Lanka","Borella Junction, Colombo, Sri Lanka","18 Dr NM Perera Mawatha Rd, Colombo 00800, Sri Lanka",6.9139525,79.878481
Union Place Borella,2022-04-20,09:20,Minor Injury,Rear-end Collision,Driver Negligence,1,Three Wheeler,18-25,0,4,High,"Union Place Borella, Colombo, Sri Lanka","Union Place Borella, Colombo, Sri Lanka","Colombo 08, Colombo, Sri Lanka",6.9147836,79.8775951
Darley Road Cinnamon Gardens,2025-01-01,16:30,Minor Injury,Rear-end Collision,Driver Fatigue,2,Three Wheeler; Van,46-55,0,1,Moderate,"Darley Road Cinnamon Gardens, Colombo, Sri Lanka","Darley Road Cinnamon Gardens, Colombo, Sri Lanka","Darley Rd, Colombo, Sri Lanka",6.9228616,79.8620451
Narahenpita Junction,2023-12-22,05:59,Minor Injury,Multi-vehicle Collision,Driver Fatigue,4,Motorcycle; Car; Lorry; Bus,46-55,0,3,High,"Narahenpita Junction, Colombo, Sri Lanka","Narahenpita Junction, Colombo, Sri Lanka","Narahenpita, Colombo 00500, Sri Lanka",6.8899209,79.8826281
Messenger Street Pettah,2023-05-14,18:27,Fatal,Pedestrian Collision,Failure to Yield,2,Car; Three Wheeler,36-45,1,1,High,"Messenger Street Pettah, Colombo, Sri Lanka","Messenger Street Pettah, Colombo, Sri Lanka","M. J. M. Lafeer Mawatha, Colombo, Sri Lanka",6.9411356,79.8629811
Bambalapitiya Junction,2025-11-30,18:24,Serious Injury,Rear-end Collision,Reckless Driving,1,Bicycle,56+,0,3,High,"Bambalapitiya Junction, Colombo, Sri Lanka","Bambalapitiya Junction, Colombo, Sri Lanka","Bambalapitiya, Colombo 00500, Sri Lanka",6.8894192,79.8575468
Kochchikade Junction,2023-01-23,10:29,Minor Injury,Single Vehicle Crash,Driver Negligence,1,Three Wheeler,26-35,0,3,High,"Kochchikade Junction, Colombo, Sri Lanka","Kochchikade Junction, Colombo, Sri Lanka","Colombo, Sri Lanka",6.9270786,79.861243
Grandpass Junction,2023-02-21,14:22,Serious Injury,Multi-vehicle Collision,Overspeeding,4,Car; Motorcycle; Bus; Van,26-35,0,3,High,"Grandpass Junction, Colombo, Sri Lanka","Grandpass Junction, Colombo, Sri Lanka","Grandpass Rd, Colombo, Sri Lanka",6.9432514,79.8685531
Dematagoda Junction,2023-02-26,21:30,Minor Injury,Pedestrian Collision,Reckless Driving,1,Motorcycle,26-35,0,1,Low,"Dematagoda Junction, Colombo, Sri Lanka","Dematagoda Junction, Colombo, Sri Lanka","Dematagoda Pl, Colombo, Sri Lanka",6.9293231,79.8764195
Kolonnawa Junction,2023-08-08,19:55,Minor Injury,Side-impact Collision,Poor Visibility,1,Three Wheeler,36-45,0,4,Low,"Kolonnawa Junction, Colombo, Sri Lanka","Kolonnawa Junction, Colombo, Sri Lanka","Kolonnawa Rd, Colombo, Sri Lanka",6.9303402,79.8806763
Mattakkuliya Junction,2023-12-03,18:53,Minor Injury,Motorcycle Collision,Unsafe Lane Change,2,Motorcycle; Van,26-35,0,3,Moderate,"Mattakkuliya Junction, Colombo, Sri Lanka","Mattakkuliya Junction, Colombo, Sri Lanka","Mattakkuliya Brg, Colombo, Sri Lanka",6.9805611,79.875318
Kollupitiya Railway Station Area,2024-08-18,19:17,Minor Injury,Side-impact Collision,Reckless Driving,2,Bicycle; Car,18-25,0,4,Low,"Kollupitiya Railway Station Area, Colombo, Sri Lanka","Kollupitiya Railway Station Area, Colombo, Sri Lanka","Kollupitiya Railway Station, Colombo, Sri Lanka",6.9112629,79.8481782
Maradana Junction,2025-03-20,19:00,Serious Injury,Pedestrian Collision,Overspeeding,2,Motorcycle; Bus,18-25,0,5,Moderate,"Maradana Junction, Colombo, Sri Lanka","Maradana Junction, Colombo, Sri Lanka","Maradana Junction, Colombo 01000, Sri Lanka",6.928874,79.8637428
Justice Akbar Mawatha Slave Island,2024-03-07,08:34,Minor Injury,Rear-end Collision,Driver Negligence,1,Three Wheeler,56+,0,3,Low,"Justice Akbar Mawatha Slave Island, Colombo, Sri Lanka","Justice Akbar Mawatha Slave Island, Colombo, Sri Lanka","Justice Akbar Mawatha, Colombo, Sri Lanka",6.9238481,79.8503668
D R Wijewardena Mawatha Fort,2025-12-24,08:34,Fatal,Multi-vehicle Collision,Overspeeding,3,Three Wheeler; Motorcycle; Lorry,18-25,1,5,Low,"D R Wijewardena Mawatha Fort, Colombo, Sri Lanka","D R Wijewardena Mawatha Fort, Colombo, Sri Lanka","McCallum Rd, Colombo, Sri Lanka",6.9324236,79.8505139
"Junction of Havelock Road and Dickman's Road, Colombo 05",2022-08-13,12:22,Minor Injury,Motorcycle Collision,Overspeeding,2,Motorcycle; Bicycle,18-25,0,2,Low,"Junction of Havelock Road and Dickman's Road, Colombo 05, Colombo, Sri Lanka","Junction of Havelock Road and Dickman's Road, Colombo 05, Colombo, Sri Lanka","Havelock Rd & Dickmans Rd, Colombo 00500, Sri Lanka",6.888114000000001,79.8643269
Union Place Borella,2024-08-21,22:57,Minor Injury,Side-impact Collision,Driver Negligence,1,Van,18-25,0,3,Low,"Union Place Borella, Colombo, Sri Lanka","Union Place Borella, Colombo, Sri Lanka","Colombo 08, Colombo, Sri Lanka",6.9147836,79.8775951
Madampitiya Road,2022-02-22,23:57,Serious Injury,Side-impact Collision,Reckless Driving,1,Motorcycle,36-45,0,4,High,"Madampitiya Road, Colombo, Sri Lanka","Madampitiya Road, Colombo, Sri Lanka","Madampitiya Rd, Colombo, Sri Lanka",6.9624445,79.8714976
Havelock Road Havelock Town,2023-05-16,09:36,Minor Injury,Single Vehicle Crash,Driver Negligence,1,Motorcycle,18-25,0,3,Low,"Havelock Road Havelock Town, Colombo, Sri Lanka","Havelock Road Havelock Town, Colombo, Sri Lanka","Havelock Rd, Colombo 00500, Sri Lanka",6.8903417,79.8638234
Viharamahadevi Park Entrance,2024-01-09,17:40,Minor Injury,Motorcycle Collision,Driver Negligence,1,Motorcycle,26-35,0,2,Moderate,"Viharamahadevi Park Entrance, Colombo, Sri Lanka","Viharamahadevi Park Entrance, Colombo, Sri Lanka","Viharamahadevi Park, Colombo 00700, Sri Lanka",6.9142322,79.8625967
Union Place Borella,2025-05-06,17:21,Serious Injury,Side-impact Collision,Reckless Driving,4,Car; Motorcycle; Three Wheeler; Bicycle,18-25,0,3,Moderate,"Union Place Borella, Colombo, Sri Lanka","Union Place Borella, Colombo, Sri Lanka","Colombo 08, Colombo, Sri Lanka",6.9147836,79.8775951
Pettah Clock Tower Area,2022-07-23,15:50,Minor Injury,Side-impact Collision,Reckless Driving,2,Three Wheeler; Motorcycle,36-45,0,3,Low,"Pettah Clock Tower Area, Colombo, Sri Lanka","Pettah Clock Tower Area, Colombo, Sri Lanka","Pettah, Colombo, Sri Lanka",6.9367858,79.8525385
Maradana Junction,2024-04-20,13:00,Minor Injury,Pedestrian Collision,Pedestrian Negligence,1,Motorcycle,18-25,0,1,Moderate,"Maradana Junction, Colombo, Sri Lanka","Maradana Junction, Colombo, Sri Lanka","Maradana Junction, Colombo 01000, Sri Lanka",6.928874,79.8637428
Grandpass Junction,2023-02-27,08:24,Minor Injury,Motorcycle Collision,Reckless Driving,2,Motorcycle; Car,56+,0,3,Moderate,"Grandpass Junction, Colombo, Sri Lanka","Grandpass Junction, Colombo, Sri Lanka","Grandpass Rd, Colombo, Sri Lanka",6.9432514,79.8685531
Galle Road Fort,2023-11-21,08:43,Serious Injury,Single Vehicle Crash,Driver Negligence,1,Car,18-25,0,6,High,"Galle Road Fort, Colombo, Sri Lanka","Galle Road Fort, Colombo, Sri Lanka","Galle Buck Rd, Colombo, Sri Lanka",6.9363912,79.8415204
Havelock Town Junction,2024-05-19,10:24,Serious Injury,Pedestrian Collision,Distracted Driving,2,Motorcycle; Three Wheeler,26-35,0,3,High,"Havelock Town Junction, Colombo, Sri Lanka","Havelock Town Junction, Colombo, Sri Lanka","Havelock Town, Colombo, Sri Lanka",6.886651899999999,79.8646835
Justice Akbar Mawatha Slave Island,2025-05-09,17:36,Minor Injury,Rear-end Collision,Overspeeding,2,Van; Three Wheeler,46-55,0,4,Low,"Justice Akbar Mawatha Slave Island, Colombo, Sri Lanka","Justice Akbar Mawatha Slave Island, Colombo, Sri Lanka","Justice Akbar Mawatha, Colombo, Sri Lanka",6.9238481,79.8503668
Narahenpita Junction,2022-07-17,22:36,Fatal,Side-impact Collision,Reckless Driving,1,Car,26-35,1,4,High,"Narahenpita Junction, Colombo, Sri Lanka","Narahenpita Junction, Colombo, Sri Lanka","Narahenpita, Colombo 00500, Sri Lanka",6.8899209,79.8826281
Bauddhaloka Mawatha Cinnamon Gardens,2025-05-21,13:53,Minor Injury,Rear-end Collision,Unsafe Lane Change,2,Three Wheeler; Motorcycle,36-45,0,2,Low,"Bauddhaloka Mawatha Cinnamon Gardens, Colombo, Sri Lanka","Bauddhaloka Mawatha Cinnamon Gardens, Colombo, Sri Lanka","Bauddhaloka Mawatha, Colombo 00700, Sri Lanka",6.901932,79.8694402
Duplication Road Bambalapitiya,2024-09-14,09:40,Fatal,Multi-vehicle Collision,Reckless Driving,2,Van; Bicycle,46-55,1,6,High,"Duplication Road Bambalapitiya, Colombo, Sri Lanka","Duplication Road Bambalapitiya, Colombo, Sri Lanka","450 E R. A. De Mel Mawatha, Colombo 00200, Sri Lanka",6.9024028,79.8545389
Armour Street Pettah,2023-02-24,15:47,Minor Injury,Side-impact Collision,Distracted Driving,2,Three Wheeler; Motorcycle,18-25,0,3,High,"Armour Street Pettah, Colombo, Sri Lanka","Armour Street Pettah, Colombo, Sri Lanka","Armour St, Colombo, Sri Lanka",6.9424222,79.8637618
Armour Street Junction,2022-05-08,06:31,Minor Injury,Side-impact Collision,Driver Negligence,2,Car; Motorcycle,56+,0,4,Moderate,"Armour Street Junction, Colombo, Sri Lanka","Armour Street Junction, Colombo, Sri Lanka","Armour St, Colombo, Sri Lanka",6.9424222,79.8637618
Borella Junction,2023-02-15,12:02,Minor Injury,Rear-end Collision,Mechanical Failure,3,Three Wheeler; Car; Bicycle,36-45,0,4,Moderate,"Borella Junction, Colombo, Sri Lanka","Borella Junction, Colombo, Sri Lanka","18 Dr NM Perera Mawatha Rd, Colombo 00800, Sri Lanka",6.9139525,79.878481
Union Place Borella,2023-08-03,16:43,Serious Injury,Rear-end Collision,Reckless Driving,1,Three Wheeler,26-35,0,3,High,"Union Place Borella, Colombo, Sri Lanka","Union Place Borella, Colombo, Sri Lanka","Colombo 08, Colombo, Sri Lanka",6.9147836,79.8775951
High Level Road Kirulapone,2025-02-28,17:37,Minor Injury,Rear-end Collision,Driver Fatigue,3,Three Wheeler; Motorcycle; Car,18-25,0,4,Moderate,"High Level Road Kirulapone, Colombo, Sri Lanka","High Level Road Kirulapone, Colombo, Sri Lanka","High Level Rd, Colombo, Sri Lanka",6.8775584,79.8793098
Armour Street Pettah,2025-11-07,10:23,Serious Injury,Side-impact Collision,Overspeeding,4,Car; Van; Motorcycle; Three Wheeler,26-35,0,5,High,"Armour Street Pettah, Colombo, Sri Lanka","Armour Street Pettah, Colombo, Sri Lanka","Armour St, Colombo, Sri Lanka",6.9424222,79.8637618
Liberty Plaza Area,2024-03-30,14:52,Serious Injury,Side-impact Collision,Reckless Driving,1,Motorcycle,46-55,0,4,Moderate,"Liberty Plaza Area, Colombo, Sri Lanka","Liberty Plaza Area, Colombo, Sri Lanka","300 Srimath Anagarika Dharmapala Mawatha, Colombo 00300, Sri Lanka",6.9118996,79.85130869999999
Hulftsdorp Junction,2024-12-18,14:03,Minor Injury,Side-impact Collision,Unsafe Lane Change,2,Car; Three Wheeler,36-45,0,2,Low,"Hulftsdorp Junction, Colombo, Sri Lanka","Hulftsdorp Junction, Colombo, Sri Lanka","Hultsdorf St, Colombo, Sri Lanka",6.9375553,79.8608161
High Level Road Kirulapone,2025-01-24,08:39,Minor Injury,Rear-end Collision,Distracted Driving,2,Motorcycle; Bus,18-25,0,3,Low,"High Level Road Kirulapone, Colombo, Sri Lanka","High Level Road Kirulapone, Colombo, Sri Lanka","High Level Rd, Colombo, Sri Lanka",6.8775584,79.8793098
Ibbanwala Junction,2022-07-04,15:38,Serious Injury,Motorcycle Collision,Unsafe Lane Change,2,Motorcycle; Bus,18-25,0,3,Moderate,"Ibbanwala Junction, Colombo, Sri Lanka","Ibbanwala Junction, Colombo, Sri Lanka","Ibbanwala, Colombo, Sri Lanka",6.917642,79.8597831
Borella Police Area,2025-06-24,17:55,Serious Injury,Single Vehicle Crash,Poor Visibility,1,Three Wheeler,36-45,0,2,Moderate,"Borella Police Area, Colombo, Sri Lanka","Borella Police Area, Colombo, Sri Lanka","Colombo 08, Colombo, Sri Lanka",6.9147836,79.8775951
Kotahena Junction,2025-12-14,18:34,Minor Injury,Single Vehicle Crash,Driver Negligence,1,Bicycle,36-45,0,1,High,"Kotahena Junction, Colombo, Sri Lanka","Kotahena Junction, Colombo, Sri Lanka","Kotahena St, Colombo 01300, Sri Lanka",6.9494699,79.8626776
Slave Island Junction,2024-08-17,00:54,Serious Injury,Side-impact Collision,Driver Negligence,2,Motorcycle; Car,46-55,0,5,High,"Slave Island Junction, Colombo, Sri Lanka","Slave Island Junction, Colombo, Sri Lanka","Kompannavidiya Flyover, Colombo, Sri Lanka",6.9266493,79.8483123
Borella Junction,2025-03-03,17:47,Minor Injury,Motorcycle Collision,Reckless Driving,2,Motorcycle; Bicycle,18-25,0,2,Moderate,"Borella Junction, Colombo, Sri Lanka","Borella Junction, Colombo, Sri Lanka","18 Dr NM Perera Mawatha Rd, Colombo 00800, Sri Lanka",6.9139525,79.878481
Kynsey Road Colombo 08,2024-08-10,20:33,Serious Injury,Rear-end Collision,Poor Visibility,2,Bicycle; Three Wheeler,36-45,0,3,Moderate,"Kynsey Road Colombo 08, Colombo, Sri Lanka","Kynsey Road Colombo 08, Colombo, Sri Lanka","Kynsey Rd, Colombo, Sri Lanka",6.9138953,79.8749431
Bambalapitiya Junction,2023-10-23,22:30,Minor Injury,Rear-end Collision,Reckless Driving,1,Motorcycle,18-25,0,2,Low,"Bambalapitiya Junction, Colombo, Sri Lanka","Bambalapitiya Junction, Colombo, Sri Lanka","Bambalapitiya, Colombo 00500, Sri Lanka",6.8894192,79.8575468
Bauddhaloka Mawatha Cinnamon Gardens,2025-12-04,09:48,Fatal,Head-on Collision,Poor Visibility,4,Three Wheeler; Lorry; Motorcycle; Van,18-25,2,5,Low,"Bauddhaloka Mawatha Cinnamon Gardens, Colombo, Sri Lanka","Bauddhaloka Mawatha Cinnamon Gardens, Colombo, Sri Lanka","Bauddhaloka Mawatha, Colombo 00700, Sri Lanka",6.901932,79.8694402
"Junction of Sri Jayawardenepura Mawatha and Jayanthi Mawatha, Battaramulla",2024-10-23,08:48,Minor Injury,Pedestrian Collision,Driver Negligence,2,Motorcycle; Lorry,36-45,0,1,Low,"Junction of Sri Jayawardenepura Mawatha and Jayanthi Mawatha, Battaramulla, Colombo, Sri Lanka","Junction of Sri Jayawardenepura Mawatha and Jayanthi Mawatha, Battaramulla, Colombo, Sri Lanka","Jayanthi Mawatha & Sri Jayawardenepura Mawatha, Sri Jayawardenepura Kotte, Sri Lanka",6.9060652,79.904172
Armour Street Junction,2023-09-22,06:57,Fatal,Multi-vehicle Collision,Pedestrian Negligence,4,Van; Motorcycle; Three Wheeler; Bicycle,36-45,1,7,High,"Armour Street Junction, Colombo, Sri Lanka","Armour Street Junction, Colombo, Sri Lanka","Armour St, Colombo, Sri Lanka",6.9424222,79.8637618
Dutugemunu Street Colombo 06,2023-06-25,16:25,Minor Injury,Motorcycle Collision,Distracted Driving,2,Motorcycle; Bicycle,26-35,0,2,Moderate,"Dutugemunu Street Colombo 06, Colombo, Sri Lanka","Dutugemunu Street Colombo 06, Colombo, Sri Lanka","Dutugemunu St, Colombo, Sri Lanka",6.8713991,79.8760649
Armour Street Junction,2025-10-24,20:22,Minor Injury,Pedestrian Collision,Overspeeding,2,Motorcycle; Car,18-25,0,2,High,"Armour Street Junction, Colombo, Sri Lanka","Armour Street Junction, Colombo, Sri Lanka","Armour St, Colombo, Sri Lanka",6.9424222,79.8637618
Fort Railway Station Area,2023-02-12,09:23,Minor Injury,Rear-end Collision,Reckless Driving,3,Three Wheeler; Motorcycle; Car,26-35,0,2,Low,"Fort Railway Station Area, Colombo, Sri Lanka","Fort Railway Station Area, Colombo, Sri Lanka","Fort Railway station, Colombo, Sri Lanka",6.9337011,79.85003019999999
Galle Road Fort,2025-08-14,11:15,Minor Injury,Side-impact Collision,Distracted Driving,1,Van,18-25,0,3,High,"Galle Road Fort, Colombo, Sri Lanka","Galle Road Fort, Colombo, Sri Lanka","Galle Buck Rd, Colombo, Sri Lanka",6.9363912,79.8415204
High Level Road Kirulapone,2025-07-21,09:12,Fatal,Motorcycle Collision,Reckless Driving,1,Motorcycle,56+,1,1,High,"High Level Road Kirulapone, Colombo, Sri Lanka","High Level Road Kirulapone, Colombo, Sri Lanka","High Level Rd, Colombo, Sri Lanka",6.8775584,79.8793098
Bambalapitiya Junction,2025-01-14,09:31,Fatal,Rear-end Collision,Overspeeding,2,Three Wheeler; Bicycle,26-35,1,3,High,"Bambalapitiya Junction, Colombo, Sri Lanka","Bambalapitiya Junction, Colombo, Sri Lanka","Bambalapitiya, Colombo 00500, Sri Lanka",6.8894192,79.8575468
Sir Chittampalam A Gardiner Mawatha Fort,2024-09-27,07:28,Minor Injury,Head-on Collision,Overspeeding,2,Motorcycle; Van,26-35,0,4,Low,"Sir Chittampalam A Gardiner Mawatha Fort, Colombo, Sri Lanka","Sir Chittampalam A Gardiner Mawatha Fort, Colombo, Sri Lanka","Sir Chittampalam A Gardiner Mawath, Colombo, Sri Lanka",6.9298377,79.8477933
"No. 12 Second Cross Street, Pettah, Colombo 11",2023-12-26,08:24,Minor Injury,Motorcycle Collision,Driver Fatigue,3,Motorcycle; Three Wheeler; Lorry,26-35,0,1,Moderate,"No. 12 Second Cross Street, Pettah, Colombo 11, Colombo, Sri Lanka","No. 12 Second Cross Street, Pettah, Colombo 11, Colombo, Sri Lanka","12 2nd Cross Street, Colombo 01100, Sri Lanka",6.935164400000001,79.852597
Union Place Borella,2025-11-21,20:21,Serious Injury,Rear-end Collision,Driver Negligence,2,Bus; Bicycle,26-35,0,5,High,"Union Place Borella, Colombo, Sri Lanka","Union Place Borella, Colombo, Sri Lanka","Colombo 08, Colombo, Sri Lanka",6.9147836,79.8775951
Dematagoda Junction,2023-03-08,07:31,Serious Injury,Motorcycle Collision,Reckless Driving,2,Motorcycle; Bus,18-25,0,2,High,"Dematagoda Junction, Colombo, Sri Lanka","Dematagoda Junction, Colombo, Sri Lanka","Dematagoda Pl, Colombo, Sri Lanka",6.9293231,79.8764195
Bambalapitiya Junction,2025-09-24,14:32,Minor Injury,Multi-vehicle Collision,Failure to Yield,3,Bicycle; Three Wheeler; Motorcycle,26-35,0,4,High,"Bambalapitiya Junction, Colombo, Sri Lanka","Bambalapitiya Junction, Colombo, Sri Lanka","Bambalapitiya, Colombo 00500, Sri Lanka",6.8894192,79.8575468
Messenger Street Pettah,2023-03-23,18:48,Minor Injury,Motorcycle Collision,Failure to Yield,2,Motorcycle; Three Wheeler,46-55,0,2,Moderate,"Messenger Street Pettah, Colombo, Sri Lanka","Messenger Street Pettah, Colombo, Sri Lanka","M. J. M. Lafeer Mawatha, Colombo, Sri Lanka",6.9411356,79.8629811
Armour Street Junction,2025-04-21,23:46,Fatal,Side-impact Collision,Overspeeding,1,Motorcycle,18-25,1,1,Moderate,"Armour Street Junction, Colombo, Sri Lanka","Armour Street Junction, Colombo, Sri Lanka","Armour St, Colombo, Sri Lanka",6.9424222,79.8637618
Town Hall Area,2025-02-20,19:00,Minor Injury,Pedestrian Collision,Driver Negligence,1,Motorcycle,56+,0,2,Low,"Town Hall Area, Colombo, Sri Lanka","Town Hall Area, Colombo, Sri Lanka","Town Hall, Colombo 01000, Sri Lanka",6.9158502,79.8637861
"No. 12 Gregory's Road, Colombo 07",2025-08-09,12:28,Minor Injury,Rear-end Collision,Overspeeding,2,Three Wheeler; Car,18-25,0,2,Low,"No. 12 Gregory's Road, Colombo 07, Colombo, Sri Lanka","No. 12 Gregory's Road, Colombo 07, Colombo, Sri Lanka","12A Gregory's Ave, Colombo 00700, Sri Lanka",6.9093854,79.8681264
Havelock Town Junction,2024-11-01,22:18,Serious Injury,Multi-vehicle Collision,Reckless Driving,2,Car; Van,46-55,0,4,Low,"Havelock Town Junction, Colombo, Sri Lanka","Havelock Town Junction, Colombo, Sri Lanka","Havelock Town, Colombo, Sri Lanka",6.886651899999999,79.8646835
Modara Junction,2025-02-14,23:19,Minor Injury,Single Vehicle Crash,Driver Negligence,1,Motorcycle,46-55,0,1,Moderate,"Modara Junction, Colombo, Sri Lanka","Modara Junction, Colombo, Sri Lanka","Modara, Colombo, Sri Lanka",6.9669247,79.8711533
Galle Road Wellawatte,2025-07-18,13:28,Minor Injury,Motorcycle Collision,Overspeeding,2,Motorcycle; Three Wheeler,36-45,0,3,High,"Galle Road Wellawatte, Colombo, Sri Lanka","Galle Road Wellawatte, Colombo, Sri Lanka","Galle Rd, Colombo, Sri Lanka",6.8755051,79.861039
Maradana Junction,2024-01-02,07:24,Serious Injury,Motorcycle Collision,Overspeeding,4,Motorcycle; Bicycle; Car; Bus,46-55,0,3,Moderate,"Maradana Junction, Colombo, Sri Lanka","Maradana Junction, Colombo, Sri Lanka","Maradana Junction, Colombo 01000, Sri Lanka",6.928874,79.8637428
Manning Market Area,2023-10-17,13:41,Fatal,Motorcycle Collision,Overspeeding,2,Motorcycle; Bicycle,26-35,1,4,High,"Manning Market Area, Colombo, Sri Lanka","Manning Market Area, Colombo, Sri Lanka","Manning Market, Colombo, Sri Lanka",6.934375999999999,79.853132
Borella Junction,2022-11-23,06:59,Minor Injury,Side-impact Collision,Driver Negligence,2,Three Wheeler; Bicycle,26-35,0,4,Low,"Borella Junction, Colombo, Sri Lanka","Borella Junction, Colombo, Sri Lanka","18 Dr NM Perera Mawatha Rd, Colombo 00800, Sri Lanka",6.9139525,79.878481
Kollupitiya Flyover Approach,2025-04-09,22:03,Minor Injury,Motorcycle Collision,Failure to Yield,3,Motorcycle; Three Wheeler; Bicycle,26-35,0,2,High,"Kollupitiya Flyover Approach, Colombo, Sri Lanka","Kollupitiya Flyover Approach, Colombo, Sri Lanka","Kollupitiya, Colombo, Sri Lanka",6.912815399999999,79.8506815
Wellawatte Junction,2024-08-07,19:56,Fatal,Multi-vehicle Collision,Overspeeding,4,Car; Three Wheeler; Motorcycle; Bicycle,46-55,2,6,Moderate,"Wellawatte Junction, Colombo, Sri Lanka","Wellawatte Junction, Colombo, Sri Lanka","Wellawatte, Colombo 00600, Sri Lanka",6.874092099999999,79.8604934
"No. 88 Horton Place, Colombo 07",2025-08-07,13:59,Fatal,Pedestrian Collision,Overspeeding,1,Bus,18-25,1,2,High,"No. 88 Horton Place, Colombo 07, Colombo, Sri Lanka","No. 88 Horton Place, Colombo 07, Colombo, Sri Lanka","88 Horton Pl, Colombo 00700, Sri Lanka",6.911387899999999,79.87225459999999
Darley Road Cinnamon Gardens,2024-11-23,07:12,Fatal,Rear-end Collision,Unsafe Lane Change,1,Motorcycle,26-35,1,1,High,"Darley Road Cinnamon Gardens, Colombo, Sri Lanka","Darley Road Cinnamon Gardens, Colombo, Sri Lanka","Darley Rd, Colombo, Sri Lanka",6.9228616,79.8620451
Maradana Junction,2022-10-08,06:37,Minor Injury,Motorcycle Collision,Reckless Driving,1,Motorcycle,26-35,0,3,Moderate,"Maradana Junction, Colombo, Sri Lanka","Maradana Junction, Colombo, Sri Lanka","Maradana Junction, Colombo 01000, Sri Lanka",6.928874,79.8637428
Wellawatte Junction,2024-01-12,05:24,Minor Injury,Motorcycle Collision,Pedestrian Negligence,1,Motorcycle,26-35,0,1,Moderate,"Wellawatte Junction, Colombo, Sri Lanka","Wellawatte Junction, Colombo, Sri Lanka","Wellawatte, Colombo 00600, Sri Lanka",6.874092099999999,79.8604934
Bauddhaloka Mawatha Cinnamon Gardens,2025-06-21,08:30,Serious Injury,Motorcycle Collision,Pedestrian Negligence,2,Motorcycle; Car,26-35,0,6,High,"Bauddhaloka Mawatha Cinnamon Gardens, Colombo, Sri Lanka","Bauddhaloka Mawatha Cinnamon Gardens, Colombo, Sri Lanka","Bauddhaloka Mawatha, Colombo 00700, Sri Lanka",6.901932,79.8694402
Nelum Pokuna Area,2022-09-08,14:55,Fatal,Motorcycle Collision,Driver Fatigue,3,Motorcycle; Three Wheeler; Bus,36-45,1,5,Moderate,"Nelum Pokuna Area, Colombo, Sri Lanka","Nelum Pokuna Area, Colombo, Sri Lanka","110 Ananda Coomaraswamy Mawatha, Colombo 00700, Sri Lanka",6.910803199999999,79.86344670000001
Moratuwa Junction,2025-12-09,17:46,Serious Injury,Pedestrian Collision,Overspeeding,1,Motorcycle,18-25,0,2,High,"Moratuwa Junction, Colombo, Sri Lanka","Moratuwa Junction, Colombo, Sri Lanka","Moratuwa, Sri Lanka",6.7879304,79.88511419999999
Pettah Market Area,2023-10-22,13:59,Fatal,Single Vehicle Crash,Unsafe Lane Change,1,Motorcycle,26-35,1,3,High,"Pettah Market Area, Colombo, Sri Lanka","Pettah Market Area, Colombo, Sri Lanka","WVP3+VMM, Keyzer St, Colombo 01100, Sri Lanka",6.937201699999999,79.854187
Baseline Road Borella,2024-03-31,19:44,Minor Injury,Single Vehicle Crash,Unsafe Lane Change,1,Three Wheeler,18-25,0,1,Moderate,"Baseline Road Borella, Colombo, Sri Lanka","Baseline Road Borella, Colombo, Sri Lanka","Baseline Rd, Colombo, Sri Lanka",6.919902,79.8776917
Hulftsdorp Junction,2025-11-15,19:16,Minor Injury,Motorcycle Collision,Distracted Driving,1,Motorcycle,56+,0,3,Low,"Hulftsdorp Junction, Colombo, Sri Lanka","Hulftsdorp Junction, Colombo, Sri Lanka","Hultsdorf St, Colombo, Sri Lanka",6.9375553,79.8608161