Location,Date of Accident,Time of Accident,Accident Severity,Collision Type,Cause of Accident,Number of Vehicles,Vehicle Types,Driver Age Group,Number of Fatalities,Number of Injuries,Property Damage Level,location_standardized,location_name,formatted_address,latitude,longitude
Kotahena Junction,2023-07-28,14:25,Minor Injury,Motorcycle Collision,Pedestrian Negligence,2,Motorcycle; Car,56+,0,3,Low,"Kotahena Junction, Colombo, Sri Lanka","Kotahena Junction, Colombo, Sri Lanka","Kotahena St, Colombo 01300, Sri Lanka",6.9494699,79.8626776
Mattakkuliya Junction,2025-10-26,12:31,Minor Injury,Head-on Collision,Distracted Driving,1,Three Wheeler,36-45,0,1,Low,"Mattakkuliya Junction, Colombo, Sri Lanka","Mattakkuliya Junction, Colombo, Sri Lanka","Mattakkuliya Brg, Colombo, Sri Lanka",6.9805611,79.875318
Kotahena Junction,2023-11-19,20:57,Minor Injury,Multi-vehicle Collision,Poor Visibility,4,Lorry; Three Wheeler; Motorcycle; Van,56+,0,4,Moderate,"Kotahena Junction, Colombo, Sri Lanka","Kotahena Junction, Colombo, Sri Lanka","Kotahena St, Colombo 01300, Sri Lanka",6.9494699,79.8626776
Borella Junction,2024-06-13,12:33,Serious Injury,Rear-end Collision,Driver Fatigue,3,Motorcycle; Car; Lorry,18-25,0,2,High,"Borella Junction, Colombo, Sri Lanka","Borella Junction, Colombo, Sri Lanka","18 Dr NM Perera Mawatha Rd, Colombo 00800, Sri Lanka",6.9139525,79.878481
Borella Junction,2022-12-10,01:32,Minor Injury,Motorcycle Collision,Driver Fatigue,2,Motorcycle; Three Wheeler,46-55,0,2,Low,"Borella Junction, Colombo, Sri Lanka","Borella Junction, Colombo, Sri Lanka","18 Dr NM Perera Mawatha Rd, Colombo 00800, Sri Lanka",6.9139525,79.878481
High Level Road Kirulapone,2025-01-13,11:35,Minor Injury,Head-on Collision,Overspeeding,2,Motorcycle; Car,18-25,0,4,Low,"High Level Road Kirulapone, Colombo, Sri Lanka","High Level Road Kirulapone, Colombo, Sri Lanka","High Level Rd, Colombo, Sri Lanka",6.8775584,79.8793098
Slave Island Junction,2025-05-08,09:55,Minor Injury,Multi-vehicle Collision,Driver Fatigue,2,Car; Three Wheeler,26-35,0,3,High,"Slave Island Junction, Colombo, Sri Lanka","Slave Island Junction, Colombo, Sri Lanka","Kompannavidiya Flyover, Colombo, Sri Lanka",6.9266493,79.8483123
Dehiwela Junction,2023-03-23,18:53,Serious Injury,Pedestrian Collision,Overspeeding,2,Motorcycle; Lorry,36-45,0,2,High,"Dehiwela Junction, Colombo, Sri Lanka","Dehiwela Junction, Colombo, Sri Lanka","Dehiwala Junction, Galle Rd, Dehiwala-Mount Lavinia, Sri Lanka",6.851808600000001,79.8658258
Galle Road Wellawatte,2024-01-27,02:11,Minor Injury,Rear-end Collision,Driver Negligence,1,Motorcycle,26-35,0,4,Moderate,"Galle Road Wellawatte, Colombo, Sri Lanka","Galle Road Wellawatte, Colombo, Sri Lanka","Galle Rd, Colombo, Sri Lanka",6.8755051,79.861039
Maradana Junction,2024-10-26,08:55,Minor Injury,Side-impact Collision,Distracted Driving,1,Three Wheeler,46-55,0,3,High,"Maradana Junction, Colombo, Sri Lanka","Maradana Junction, Colombo, Sri Lanka","Maradana Junction, Colombo 01000, Sri Lanka",6.928874,79.8637428
Bambalapitiya Junction,2023-09-21,11:28,Minor Injury,Rear-end Collision,Drunk Driving,1,Three Wheeler,26-35,0,1,High,"Bambalapitiya Junction, Colombo, Sri Lanka","Bambalapitiya Junction, Colombo, Sri Lanka","Bambalapitiya, Colombo 00500, Sri Lanka",6.8894192,79.8575468
Borella Junction,2023-05-24,17:03,Minor Injury,Side-impact Collision,Overspeeding,1,Van,26-35,0,3,Low,"Borella Junction, Colombo, Sri Lanka","Borella Junction, Colombo, Sri Lanka","18 Dr NM Perera Mawatha Rd, Colombo 00800, Sri Lanka",6.9139525,79.878481
Messenger Street Pettah,2023-11-29,18:14,Minor Injury,Side-impact Collision,Driver Negligence,2,Three Wheeler; Van,56+,0,1,Moderate,"Messenger Street Pettah, Colombo, Sri Lanka","Messenger Street Pettah, Colombo, Sri Lanka","M. J. M. Lafeer Mawatha, Colombo, Sri Lanka",6.9411356,79.8629811
Sir Chittampalam A Gardiner Mawatha Fort,2022-04-18,09:46,Minor Injury,Motorcycle Collision,Reckless Driving,3,Motorcycle; Car; Bicycle,46-55,0,2,Low,"Sir Chittampalam A Gardiner Mawatha Fort, Colombo, Sri Lanka","Sir Chittampalam A Gardiner Mawatha Fort, Colombo, Sri Lanka","Sir Chittampalam A Gardiner Mawath, Colombo, Sri Lanka",6.9298377,79.8477933
Wellawatte Junction,2024-03-15,17:25,Minor Injury,Rear-end Collision,Reckless Driving,2,Motorcycle; Van,46-55,0,4,Low,"Wellawatte Junction, Colombo, Sri Lanka","Wellawatte Junction, Colombo, Sri Lanka","Wellawatte, Colombo 00600, Sri Lanka",6.874092099999999,79.8604934
High Level Road Kirulapone,2023-07-11,14:26,Minor Injury,Rear-end Collision,Distracted Driving,1,Van,36-45,0,3,Low,"High Level Road Kirulapone, Colombo, Sri Lanka","High Level Road Kirulapone, Colombo, Sri Lanka","High Level Rd, Colombo, Sri Lanka",6.8775584,79.8793098
Galle Road Fort,2023-08-02,08:28,Fatal,Multi-vehicle Collision,Distracted Driving,3,Motorcycle; Car; Three Wheeler,18-25,1,4,High,"Galle Road Fort, Colombo, Sri Lanka","Galle Road Fort, Colombo, Sri Lanka","Galle Buck Rd, Colombo, Sri Lanka",6.9363912,79.8415204
Justice Akbar Mawatha Slave Island,2023-05-06,10:02,Serious Injury,Multi-vehicle Collision,Driver Negligence,3,Three Wheeler; Motorcycle; Bus,56+,0,3,High,"Justice Akbar Mawatha Slave Island, Colombo, Sri Lanka","Justice Akbar Mawatha Slave Island, Colombo, Sri Lanka","Justice Akbar Mawatha, Colombo, Sri Lanka",6.9238481,79.8503668
Maradana Railway Station Area,2025-08-19,08:56,Fatal,Rear-end Collision,Reckless Driving,4,Lorry; Three Wheeler; Motorcycle; Car,18-25,2,8,Moderate,"Maradana Railway Station Area, Colombo, Sri Lanka","Maradana Railway Station Area, Colombo, Sri Lanka","Maradana Railway Station, Jayantha Weerasekara Mawatha, Colombo 01000, Sri Lanka",6.92946,79.86511000000002
"No. 14 Bloemendhal Road, Colombo 13",2024-02-26,14:44,Minor Injury,Multi-vehicle Collision,Driver Negligence,3,Three Wheeler; Motorcycle; Van,18-25,0,3,Low,"No. 14 Bloemendhal Road, Colombo 13, Colombo, Sri Lanka","No. 14 Bloemendhal Road, Colombo 13, Colombo, Sri Lanka","14 Bloemendhal Rd, Colombo 01300, Sri Lanka",6.943982,79.8641683
"No. 45 Messenger Street, Pettah, Colombo 11",2022-02-14,20:01,Minor Injury,Motorcycle Collision,Overspeeding,3,Motorcycle; Van; Bicycle,36-45,0,3,Moderate,"No. 45 Messenger Street, Pettah, Colombo 11, Colombo, Sri Lanka","No. 45 Messenger Street, Pettah, Colombo 11, Colombo, Sri Lanka","45 M. J. M. Lafeer Mawatha, Colombo, Sri Lanka",6.940548,79.8612579
Kochchikade Junction,2025-12-12,13:47,Minor Injury,Head-on Collision,Overspeeding,1,Motorcycle,18-25,0,2,High,"Kochchikade Junction, Colombo, Sri Lanka","Kochchikade Junction, Colombo, Sri Lanka","Colombo, Sri Lanka",6.9270786,79.861243
Pettah Market Area,2024-02-20,06:04,Serious Injury,Side-impact Collision,Driver Negligence,2,Car; Motorcycle,36-45,0,2,High,"Pettah Market Area, Colombo, Sri Lanka","Pettah Market Area, Colombo, Sri Lanka","WVP3+VMM, Keyzer St, Colombo 01100, Sri Lanka",6.937201699999999,79.854187
Maradana Junction,2025-07-07,13:27,Serious Injury,Pedestrian Collision,Overspeeding,2,Motorcycle; Car,26-35,0,6,Low,"Maradana Junction, Colombo, Sri Lanka","Maradana Junction, Colombo, Sri Lanka","Maradana Junction, Colombo 01000, Sri Lanka",6.928874,79.8637428
Wellawatte Junction,2024-01-26,17:52,Minor Injury,Multi-vehicle Collision,Distracted Driving,3,Car; Motorcycle; Bicycle,18-25,0,4,Low,"Wellawatte Junction, Colombo, Sri Lanka","Wellawatte Junction, Colombo, Sri Lanka","Wellawatte, Colombo 00600, Sri Lanka",6.874092099999999,79.8604934
Armour Street Junction,2022-07-30,21:49,Minor Injury,Pedestrian Collision,Driver Negligence,1,Van,26-35,0,1,Low,"Armour Street Junction, Colombo, Sri Lanka","Armour Street Junction, Colombo, Sri Lanka","Armour St, Colombo, Sri Lanka",6.9424222,79.8637618
High Level Road Kirulapone,2024-02-23,09:54,Minor Injury,Motorcycle Collision,Driver Fatigue,3,Motorcycle; Bus; Bicycle,56+,0,2,Low,"High Level Road Kirulapone, Colombo, Sri Lanka","High Level Road Kirulapone, Colombo, Sri Lanka","High Level Rd, Colombo, Sri Lanka",6.8775584,79.8793098
Borella Junction,2024-07-24,11:49,Serious Injury,Pedestrian Collision,Overspeeding,2,Motorcycle; Three Wheeler,46-55,0,5,High,"Borella Junction, Colombo, Sri Lanka","Borella Junction, Colombo, Sri Lanka","18 Dr NM Perera Mawatha Rd, Colombo 00800, Sri Lanka",6.9139525,79.878481
Sea Street Pettah,2023-06-26,20:02,Serious Injury,Multi-vehicle Collision,Overspeeding,3,Lorry; Car; Van,18-25,0,5,Low,"Sea Street Pettah, Colombo, Sri Lanka","Sea Street Pettah, Colombo, Sri Lanka","Sea St, Colombo 01300, Sri Lanka",6.9418464,79.8542501
High Level Road Kirulapone,2024-06-23,19:53,Serious Injury,Head-on Collision,Failure to Yield,2,Van; Three Wheeler,26-35,0,5,High,"High Level Road Kirulapone, Colombo, Sri Lanka","High Level Road Kirulapone, Colombo, Sri Lanka","High Level Rd, Colombo, Sri Lanka",6.8775584,79.8793098
Maradana Junction,2025-05-11,09:34,Minor Injury,Side-impact Collision,Overspeeding,2,Car; Motorcycle,18-25,0,2,Moderate,"Maradana Junction, Colombo, Sri Lanka","Maradana Junction, Colombo, Sri Lanka","Maradana Junction, Colombo 01000, Sri Lanka",6.928874,79.8637428
Darley Road Cinnamon Gardens,2025-12-21,19:44,Minor Injury,Multi-vehicle Collision,Distracted Driving,4,Motorcycle; Van; Three Wheeler; Bicycle,56+,0,4,Low,"Darley Road Cinnamon Gardens, Colombo, Sri Lanka","Darley Road Cinnamon Gardens, Colombo, Sri Lanka","Darley Rd, Colombo, Sri Lanka",6.9228616,79.8620451
"No. 12 Buller's Road, Colombo 07",2024-06-06,10:49,Minor Injury,Rear-end Collision,Distracted Driving,4,Three Wheeler; Car; Motorcycle; Van,26-35,0,1,Moderate,"No. 12 Buller's Road, Colombo 07, Colombo, Sri Lanka","No. 12 Buller's Road, Colombo 07, Colombo, Sri Lanka","12 Bauddhaloka Mawatha, Colombo 00500, Sri Lanka",6.897968,79.86082119999999
Justice Akbar Mawatha Slave Island,2025-03-07,09:47,Minor Injury,Side-impact Collision,Poor Visibility,1,Car,46-55,0,2,Moderate,"Justice Akbar Mawatha Slave Island, Colombo, Sri Lanka","Justice Akbar Mawatha Slave Island, Colombo, Sri Lanka","Justice Akbar Mawatha, Colombo, Sri Lanka",6.9238481,79.8503668
"Junction of Galle Road and Rawathawatte Road, Moratuwa",2022-01-16,09:18,Minor Injury,Motorcycle Collision,Driver Negligence,2,Motorcycle; Car,18-25,0,2,Moderate,"Junction of Galle Road and Rawathawatte Road, Moratuwa, Colombo, Sri Lanka","Junction of Galle Road and Rawathawatte Road, Moratuwa, Colombo, Sri Lanka","Rawatawatta Rd & Galle Rd, Moratuwa 10400, Sri Lanka",6.7930714,79.8871145
Havelock Road Havelock Town,2024-01-21,04:27,Serious Injury,Rear-end Collision,Failure to Yield,4,Motorcycle; Car; Bus; Bicycle,46-55,0,2,High,"Havelock Road Havelock Town, Colombo, Sri Lanka","Havelock Road Havelock Town, Colombo, Sri Lanka","Havelock Rd, Colombo 00500, Sri Lanka",6.8903417,79.8638234
Sea Street Junction,2024-05-31,21:35,Minor Injury,Rear-end Collision,Overspeeding,2,Lorry; Three Wheeler,26-35,0,3,Low,"Sea Street Junction, Colombo, Sri Lanka","Sea Street Junction, Colombo, Sri Lanka","Sea St, Colombo 01300, Sri Lanka",6.9418464,79.8542501
Pamankada Junction,2025-02-23,20:14,Serious Injury,Multi-vehicle Collision,Reckless Driving,3,Three Wheeler; Motorcycle; Car,36-45,0,2,High,"Pamankada Junction, Colombo, Sri Lanka","Pamankada Junction, Colombo, Sri Lanka","Pamankada Ln, Colombo, Sri Lanka",6.8756803,79.8676529
Bambalapitiya Junction,2025-04-14,01:40,Minor Injury,Rear-end Collision,Distracted Driving,1,Car,46-55,0,3,Low,"Bambalapitiya Junction, Colombo, Sri Lanka","Bambalapitiya Junction, Colombo, Sri Lanka","Bambalapitiya, Colombo 00500, Sri Lanka",6.8894192,79.8575468
Grandpass Road Colombo 14,2025-03-26,00:04,Fatal,Multi-vehicle Collision,Driver Negligence,3,Bus; Car; Motorcycle,26-35,2,6,High,"Grandpass Road Colombo 14, Colombo, Sri Lanka","Grandpass Road Colombo 14, Colombo, Sri Lanka","Grandpass Rd, Colombo, Sri Lanka",6.9434634,79.8691086
Sir Chittampalam A Gardiner Mawatha Fort,2025-08-17,14:57,Minor Injury,Side-impact Collision,Driver Negligence,2,Motorcycle; Three Wheeler,46-55,0,2,Low,"Sir Chittampalam A Gardiner Mawatha Fort, Colombo, Sri Lanka","Sir Chittampalam A Gardiner Mawatha Fort, Colombo, Sri Lanka","Sir Chittampalam A Gardiner Mawath, Colombo, Sri Lanka",6.9298377,79.8477933
Pettah Clock Tower Area,2025-06-05,09:46,Serious Injury,Rear-end Collision,Reckless Driving,1,Bicycle,36-45,0,4,High,"Pettah Clock Tower Area, Colombo, Sri Lanka","Pettah Clock Tower Area, Colombo, Sri Lanka","Pettah, Colombo, Sri Lanka",6.9367858,79.8525385
Galle Road Kollupitiya,2022-09-02,20:21,Minor Injury,Single Vehicle Crash,Unsafe Lane Change,1,Three Wheeler,36-45,0,4,High,"Galle Road Kollupitiya, Colombo, Sri Lanka","Galle Road Kollupitiya, Colombo, Sri Lanka","Galle Rd, Colombo, Sri Lanka",6.9037968,79.8521362
Panchikawatte,2025-02-28,04:31,Serious Injury,Motorcycle Collision,Failure to Yield,2,Motorcycle; Bicycle,26-35,0,4,High,"Panchikawatte, Colombo, Sri Lanka","Panchikawatte, Colombo, Sri Lanka","Panchikawatta, Colombo 01000, Sri Lanka",6.9309682,79.8639835
Kollupitiya Flyover Approach,2025-10-03,08:18,Minor Injury,Rear-end Collision,Driver Negligence,2,Motorcycle; Van,36-45,0,2,Low,"Kollupitiya Flyover Approach, Colombo, Sri Lanka","Kollupitiya Flyover Approach, Colombo, Sri Lanka","Kollupitiya, Colombo, Sri Lanka",6.912815399999999,79.8506815
Messenger Street Pettah,2022-03-29,21:07,Minor Injury,Motorcycle Collision,Distracted Driving,1,Motorcycle,36-45,0,1,Low,"Messenger Street Pettah, Colombo, Sri Lanka","Messenger Street Pettah, Colombo, Sri Lanka","M. J. M. Lafeer Mawatha, Colombo, Sri Lanka",6.9411356,79.8629811
Messenger Street Pettah,2023-01-12,17:25,Serious Injury,Rear-end Collision,Overspeeding,1,Three Wheeler,36-45,0,5,High,"Messenger Street Pettah, Colombo, Sri Lanka","Messenger Street Pettah, Colombo, Sri Lanka","M. J. M. Lafeer Mawatha, Colombo, Sri Lanka",6.9411356,79.8629811
Slave Island Junction,2023-10-04,08:36,Minor Injury,Single Vehicle Crash,Pedestrian Negligence,1,Three Wheeler,46-55,0,1,Low,"Slave Island Junction, Colombo, Sri Lanka","Slave Island Junction, Colombo, Sri Lanka","Kompannavidiya Flyover, Colombo, Sri Lanka",6.9266493,79.8483123
Messenger Street Pettah,2022-11-20,12:57,Minor Injury,Pedestrian Collision,Unsafe Lane Change,1,Car,26-35,0,1,Moderate,"Messenger Street Pettah, Colombo, Sri Lanka","Messenger Street Pettah, Colombo, Sri Lanka","M. J. M. Lafeer Mawatha, Colombo, Sri Lanka",6.9411356,79.8629811
"No. 34 Baseline Road, Kolonnawa",2023-01-31,19:02,Serious Injury,Side-impact Collision,Unsafe Lane Change,1,Bicycle,26-35,0,3,High,"No. 34 Baseline Road, Kolonnawa, Colombo, Sri Lanka","No. 34 Baseline Road, Kolonnawa, Colombo, Sri Lanka","34 Baseline Rd, Colombo 00800, Sri Lanka",6.9150029,79.87768919999999
Darley Road Cinnamon Gardens,2023-09-28,07:13,Minor Injury,Rear-end Collision,Reckless Driving,3,Motorcycle; Three Wheeler; Van,56+,0,2,Low,"Darley Road Cinnamon Gardens, Colombo, Sri Lanka","Darley Road Cinnamon Gardens, Colombo, Sri Lanka","Darley Rd, Colombo, Sri Lanka",6.9228616,79.8620451
Duplication Road Bambalapitiya,2024-07-05,11:55,Serious Injury,Motorcycle Collision,Pedestrian Negligence,3,Motorcycle; Three Wheeler; Van,36-45,0,3,High,"Duplication Road Bambalapitiya, Colombo, Sri Lanka","Duplication Road Bambalapitiya, Colombo, Sri Lanka","450 E R. A. De Mel Mawatha, Colombo 00200, Sri Lanka",6.9024028,79.8545389
Liberty Plaza Area,2024-01-23,17:35,Minor Injury,Multi-vehicle Collision,Overspeeding,4,Lorry; Motorcycle; Bicycle; Bus,18-25,0,4,Low,"Liberty Plaza Area, Colombo, Sri Lanka","Liberty Plaza Area, Colombo, Sri Lanka","300 Srimath Anagarika Dharmapala Mawatha, Colombo 00300, Sri Lanka",6.9118996,79.85130869999999
Mattakkuliya Junction,2022-04-08,08:57,Minor Injury,Pedestrian Collision,Overspeeding,1,Motorcycle,18-25,0,2,Low,"Mattakkuliya Junction, Colombo, Sri Lanka","Mattakkuliya Junction, Colombo, Sri Lanka","Mattakkuliya Brg, Colombo, Sri Lanka",6.9805611,79.875318
Dematagoda Junction,2024-06-18,14:18,Serious Injury,Single Vehicle Crash,Overspeeding,1,Three Wheeler,18-25,0,6,High,"Dematagoda Junction, Colombo, Sri Lanka","Dematagoda Junction, Colombo, Sri Lanka","Dematagoda Pl, Colombo, Sri Lanka",6.9293231,79.8764195
Bambalapitiya Junction,2024-01-20,18:33,Minor Injury,Motorcycle Collision,Driver Negligence,2,Motorcycle; Lorry,36-45,0,2,Moderate,"Bambalapitiya Junction, Colombo, Sri Lanka","Bambalapitiya Junction, Colombo, Sri Lanka","Bambalapitiya, Colombo 00500, Sri Lanka",6.8894192,79.8575468
Fort Railway Station Area,2024-03-20,21:48,Serious Injury,Single Vehicle Crash,Distracted Driving,1,Three Wheeler,18-25,0,2,High,"Fort Railway Station Area, Colombo, Sri Lanka","Fort Railway Station Area, Colombo, Sri Lanka","Fort Railway station, Colombo, Sri Lanka",6.9337011,79.85003019999999
Colombo Fort Bus Stand Area,2024-02-13,03:49,Serious Injury,Rear-end Collision,Failure to Yield,3,Three Wheeler; Motorcycle; Car,18-25,0,6,High,"Colombo Fort Bus Stand Area, Colombo, Sri Lanka","Colombo Fort Bus Stand Area, Colombo, Sri Lanka","WVM4+6G8 Bastian Mawatha Bus Station, Olcott Mawatha, Colombo, Sri Lanka",6.932847,79.856589
Justice Akbar Mawatha Slave Island,2024-07-10,00:11,Minor Injury,Rear-end Collision,Poor Visibility,2,Car; Three Wheeler,18-25,0,4,Low,"Justice Akbar Mawatha Slave Island, Colombo, Sri Lanka","Justice Akbar Mawatha Slave Island, Colombo, Sri Lanka","Justice Akbar Mawatha, Colombo, Sri Lanka",6.9238481,79.8503668
"Junction of Kolonnawa Road and Wellampitiya Road, Wellampitiya",2025-01-10,22:22,Fatal,Pedestrian Collision,Overspeeding,2,Three Wheeler; Car,18-25,1,1,Moderate,"Junction of Kolonnawa Road and Wellampitiya Road, Wellampitiya, Colombo, Sri Lanka","Junction of Kolonnawa Road and Wellampitiya Road, Wellampitiya, Colombo, Sri Lanka","Kolonnawa Rd, Sri Lanka",6.9324687,79.8915123
Modara Junction,2024-07-27,19:45,Serious Injury,Pedestrian Collision,Reckless Driving,1,Lorry,46-55,0,3,High,"Modara Junction, Colombo, Sri Lanka","Modara Junction, Colombo, Sri Lanka","Modara, Colombo, Sri Lanka",6.9669247,79.8711533
Marine Drive Kollupitiya,2023-04-11,09:56,Minor Injury,Single Vehicle Crash,Overspeeding,1,Van,26-35,0,1,High,"Marine Drive Kollupitiya, Colombo, Sri Lanka","Marine Drive Kollupitiya, Colombo, Sri Lanka","Marine Drive, Colombo, Sri Lanka",6.9061405,79.8497258
Slave Island Junction,2022-04-06,09:28,Minor Injury,Single Vehicle Crash,Driver Negligence,1,Bus,56+,0,3,High,"Slave Island Junction, Colombo, Sri Lanka","Slave Island Junction, Colombo, Sri Lanka","Kompannavidiya Flyover, Colombo, Sri Lanka",6.9266493,79.8483123
Pettah Clock Tower Area,2025-07-14,08:24,Serious Injury,Side-impact Collision,Driver Negligence,2,Three Wheeler; Bus,56+,0,2,Moderate,"Pettah Clock Tower Area, Colombo, Sri Lanka","Pettah Clock Tower Area, Colombo, Sri Lanka","Pettah, Colombo, Sri Lanka",6.9367858,79.8525385
Sea Street Kotahena,2022-12-11,10:53,Minor Injury,Head-on Collision,Unsafe Lane Change,1,Three Wheeler,36-45,0,2,Moderate,"Sea Street Kotahena, Colombo, Sri Lanka","Sea Street Kotahena, Colombo, Sri Lanka","Sea St, Colombo 01300, Sri Lanka",6.9418464,79.8542501
Havelock Place Area,2025-12-24,03:35,Minor Injury,Rear-end Collision,Distracted Driving,1,Three Wheeler,26-35,0,3,Low,"Havelock Place Area, Colombo, Sri Lanka","Havelock Place Area, Colombo, Sri Lanka","Havelock Pl, Colombo 00500, Sri Lanka",6.8854515,79.8658603
Nawala Junction,2022-10-17,08:35,Minor Injury,Rear-end Collision,Driver Negligence,2,Van; Three Wheeler,18-25,0,2,Moderate,"Nawala Junction, Colombo, Sri Lanka","Nawala Junction, Colombo, Sri Lanka","Nawala Rd, Colombo, Sri Lanka",6.8863084,79.887159
Kollupitiya Railway Station Area,2025-04-02,16:46,Minor Injury,Motorcycle Collision,Distracted Driving,2,Motorcycle; Three Wheeler,36-45,0,3,Low,"Kollupitiya Railway Station Area, Colombo, Sri Lanka","Kollupitiya Railway Station Area, Colombo, Sri Lanka","Kollupitiya Railway Station, Colombo, Sri Lanka",6.9112629,79.8481782
Wellawatte Junction,2022-03-27,07:59,Minor Injury,Side-impact Collision,Driver Negligence,1,Three Wheeler,36-45,0,3,Low,"Wellawatte Junction, Colombo, Sri Lanka","Wellawatte Junction, Colombo, Sri Lanka","Wellawatte, Colombo 00600, Sri Lanka",6.874092099999999,79.8604934
Panchikawatte,2025-01-09,01:47,Minor Injury,Side-impact Collision,Driver Negligence,1,Motorcycle,18-25,0,2,Low,"Panchikawatte, Colombo, Sri Lanka","Panchikawatte, Colombo, Sri Lanka","Panchikawatta, Colombo 01000, Sri Lanka",6.9309682,79.8639835
"No. 3 Justice Akbar Mawatha (Glennie Street), Colombo 02",2024-07-31,18:12,Minor Injury,Head-on Collision,Driver Negligence,1,Motorcycle,18-25,0,2,High,"No. 3 Justice Akbar Mawatha (Glennie Street), Colombo 02, Colombo, Sri Lanka","No. 3 Justice Akbar Mawatha (Glennie Street), Colombo 02, Colombo, Sri Lanka","no. 3, 3 Justice Akbar Mawatha, Colombo 00200, Sri Lanka",6.9238433,79.84867090000002
Main Street Pettah,2025-07-08,18:08,Fatal,Rear-end Collision,Overspeeding,2,Motorcycle; Car,26-35,1,4,High,"Main Street Pettah, Colombo, Sri Lanka","Main Street Pettah, Colombo, Sri Lanka","Main St, Colombo, Sri Lanka",6.9374659,79.8507335
Sir Chittampalam A Gardiner Mawatha Fort,2022-12-14,18:30,Serious Injury,Rear-end Collision,Distracted Driving,2,Three Wheeler; Motorcycle,56+,0,2,High,"Sir Chittampalam A Gardiner Mawatha Fort, Colombo, Sri Lanka","Sir Chittampalam A Gardiner Mawatha Fort, Colombo, Sri Lanka","Sir Chittampalam A Gardiner Mawath, Colombo, Sri Lanka",6.9298377,79.8477933
Galle Road Wellawatte,2024-12-20,06:40,Fatal,Side-impact Collision,Distracted Driving,3,Motorcycle; Three Wheeler; Bus,26-35,1,4,High,"Galle Road Wellawatte, Colombo, Sri Lanka","Galle Road Wellawatte, Colombo, Sri Lanka","Galle Rd, Colombo, Sri Lanka",6.8755051,79.861039
Kaduwela Junction,2024-04-16,09:09,Minor Injury,Pedestrian Collision,Driver Negligence,2,Motorcycle; Three Wheeler,36-45,0,2,Low,"Kaduwela Junction, Colombo, Sri Lanka","Kaduwela Junction, Colombo, Sri Lanka","WXPM+7MH, Kaduwela, Sri Lanka",6.9356887,79.9842292
Armour Street Junction,2022-08-24,12:43,Minor Injury,Motorcycle Collision,Driver Negligence,2,Motorcycle; Bicycle,56+,0,3,Moderate,"Armour Street Junction, Colombo, Sri Lanka","Armour Street Junction, Colombo, Sri Lanka","Armour St, Colombo, Sri Lanka",6.9424222,79.8637618
Hulftsdorp Junction,2025-03-23,23:21,Minor Injury,Rear-end Collision,Driver Negligence,3,Three Wheeler; Motorcycle; Van,18-25,0,2,Low,"Hulftsdorp Junction, Colombo, Sri Lanka","Hulftsdorp Junction, Colombo, Sri Lanka","Hultsdorf St, Colombo, Sri Lanka",6.9375553,79.8608161
Dematagoda Junction,2024-11-02,08:01,Minor Injury,Rear-end Collision,Mechanical Failure,1,Three Wheeler,46-55,0,3,Moderate,"Dematagoda Junction, Colombo, Sri Lanka","Dematagoda Junction, Colombo, Sri Lanka","Dematagoda Pl, Colombo, Sri Lanka",6.9293231,79.8764195
Kochchikade Junction,2024-03-16,05:50,Minor Injury,Head-on Collision,Distracted Driving,1,Three Wheeler,36-45,0,3,Low,"Kochchikade Junction, Colombo, Sri Lanka","Kochchikade Junction, Colombo, Sri Lanka","Colombo, Sri Lanka",6.9270786,79.861243
Kirulapone Avenue,2024-04-22,09:29,Minor Injury,Side-impact Collision,Reckless Driving,1,Three Wheeler,26-35,0,1,Moderate,"Kirulapone Avenue, Colombo, Sri Lanka","Kirulapone Avenue, Colombo, Sri Lanka","Kirulapone Ave, Colombo 00500, Sri Lanka",6.8809572,79.8748929
Messenger Street Pettah,2023-06-24,08:42,Minor Injury,Single Vehicle Crash,Driver Negligence,1,Motorcycle,26-35,0,2,Low,"Messenger Street Pettah, Colombo, Sri Lanka","Messenger Street Pettah, Colombo, Sri Lanka","M. J. M. Lafeer Mawatha, Colombo, Sri Lanka",6.9411356,79.8629811
"Junction of Cotta Road and Bauddhaloka Mawatha, Colombo 08",2023-07-02,09:15,Minor Injury,Motorcycle Collision,Driver Negligence,2,Motorcycle; Three Wheeler,36-45,0,3,Moderate,"Junction of Cotta Road and Bauddhaloka Mawatha, Colombo 08, Colombo, Sri Lanka","Junction of Cotta Road and Bauddhaloka Mawatha, Colombo 08, Colombo, Sri Lanka","18 Dr NM Perera Mawatha Rd, Colombo 00800, Sri Lanka",6.9139525,79.878481
Grandpass Junction,2024-09-19,13:45,Minor Injury,Side-impact Collision,Reckless Driving,3,Motorcycle; Car; Three Wheeler,36-45,0,1,Low,"Grandpass Junction, Colombo, Sri Lanka","Grandpass Junction, Colombo, Sri Lanka","Grandpass Rd, Colombo, Sri Lanka",6.9432514,79.8685531