Location,Date of Accident,Time of Accident,Accident Severity,Collision Type,Cause of Accident,Number of Vehicles,Vehicle Types,Driver Age Group,Number of Fatalities,Number of Injuries,Property Damage Level,location_standardized,location_name,formatted_address,latitude,longitude
Bauddhaloka Mawatha Havelock Town,2022-10-23,10:19,Minor Injury,Motorcycle Collision,Driver Fatigue,4,Motorcycle; Van; Bus; Three Wheeler,18-25,0,1,Moderate,"Bauddhaloka Mawatha Havelock Town, Colombo, Sri Lanka","Bauddhaloka Mawatha Havelock Town, Colombo, Sri Lanka","Bauddhaloka Mawatha, Colombo, Sri Lanka",6.897011,79.8598172
Kotahena Junction,2023-03-27,21:13,Minor Injury,Pedestrian Collision,Overspeeding,1,Motorcycle,26-35,0,1,Moderate,"Kotahena Junction, Colombo, Sri Lanka","Kotahena Junction, Colombo, Sri Lanka","Kotahena St, Colombo 01300, Sri Lanka",6.9494699,79.8626776
Maradana Railway Station Area,2025-05-19,08:01,Serious Injury,Side-impact Collision,Driver Fatigue,4,Three Wheeler; Motorcycle; Lorry; Bicycle,26-35,0,3,High,"Maradana Railway Station Area, Colombo, Sri Lanka","Maradana Railway Station Area, Colombo, Sri Lanka","Maradana Railway Station, Jayantha Weerasekara Mawatha, Colombo 01000, Sri Lanka",6.92946,79.86511000000002
Slave Island Junction,2024-11-11,19:50,Minor Injury,Pedestrian Collision,Pedestrian Negligence,2,Motorcycle; Three Wheeler,26-35,0,2,Moderate,"Slave Island Junction, Colombo, Sri Lanka","Slave Island Junction, Colombo, Sri Lanka","Kompannavidiya Flyover, Colombo, Sri Lanka",6.9266493,79.8483123
Wellampitiya Junction,2023-01-03,11:29,Fatal,Motorcycle Collision,Pedestrian Negligence,2,Motorcycle; Bicycle,18-25,1,5,Moderate,"Wellampitiya Junction, Colombo, Sri Lanka","Wellampitiya Junction, Colombo, Sri Lanka","Wellampitiya, Sri Lanka",6.942428199999999,79.9045771
Messenger Street Pettah,2025-09-07,14:56,Minor Injury,Head-on Collision,Driver Negligence,3,Three Wheeler; Motorcycle; Van,36-45,0,4,Moderate,"Messenger Street Pettah, Colombo, Sri Lanka","Messenger Street Pettah, Colombo, Sri Lanka","M. J. M. Lafeer Mawatha, Colombo, Sri Lanka",6.9411356,79.8629811
Pettah Market Area,2023-01-31,22:52,Minor Injury,Rear-end Collision,Overspeeding,2,Three Wheeler; Motorcycle,46-55,0,3,Low,"Pettah Market Area, Colombo, Sri Lanka","Pettah Market Area, Colombo, Sri Lanka","WVP3+VMM, Keyzer St, Colombo 01100, Sri Lanka",6.937201699999999,79.854187
Union Place,2024-11-26,16:25,Minor Injury,Side-impact Collision,Pedestrian Negligence,1,Motorcycle,26-35,0,2,High,"Union Place, Colombo, Sri Lanka","Union Place, Colombo, Sri Lanka","Union Place, Colombo, Sri Lanka",6.922958299999999,79.8523572
T B Jayah Mawatha Maradana,2025-09-18,07:31,Minor Injury,Single Vehicle Crash,Poor Visibility,1,Three Wheeler,18-25,0,3,Low,"T B Jayah Mawatha Maradana, Colombo, Sri Lanka","T B Jayah Mawatha Maradana, Colombo, Sri Lanka","T. B. Jayah Mawatha, Colombo, Sri Lanka",6.9235871,79.8619082
Sea Street Junction,2025-05-01,10:09,Serious Injury,Side-impact Collision,Unsafe Lane Change,3,Motorcycle; Lorry; Three Wheeler,26-35,0,3,Moderate,"Sea Street Junction, Colombo, Sri Lanka","Sea Street Junction, Colombo, Sri Lanka","Sea St, Colombo 01300, Sri Lanka",6.9418464,79.8542501
Galle Road Mount Lavinia,2025-10-23,10:08,Minor Injury,Pedestrian Collision,Distracted Driving,1,Motorcycle,56+,0,1,Moderate,"Galle Road Mount Lavinia, Colombo, Sri Lanka","Galle Road Mount Lavinia, Colombo, Sri Lanka","Galle Rd, Dehiwala-Mount Lavinia, Sri Lanka",6.8619957,79.8639238
Union Place Borella,2023-12-26,08:12,Minor Injury,Rear-end Collision,Poor Visibility,3,Motorcycle; Van; Three Wheeler,36-45,0,1,Low,"Union Place Borella, Colombo, Sri Lanka","Union Place Borella, Colombo, Sri Lanka","Colombo 08, Colombo, Sri Lanka",6.9147836,79.8775951
Kochchikade Junction,2025-12-07,19:16,Serious Injury,Pedestrian Collision,Reckless Driving,1,Car,18-25,0,5,Moderate,"Kochchikade Junction, Colombo, Sri Lanka","Kochchikade Junction, Colombo, Sri Lanka","Colombo, Sri Lanka",6.9270786,79.861243
D R Wijewardena Mawatha Fort,2025-07-20,18:43,Fatal,Multi-vehicle Collision,Overspeeding,3,Three Wheeler; Car; Lorry,56+,1,3,High,"D R Wijewardena Mawatha Fort, Colombo, Sri Lanka","D R Wijewardena Mawatha Fort, Colombo, Sri Lanka","McCallum Rd, Colombo, Sri Lanka",6.9324236,79.8505139
Dematagoda Junction,2025-03-08,20:33,Minor Injury,Multi-vehicle Collision,Distracted Driving,4,Motorcycle; Three Wheeler; Car; Van,18-25,0,2,High,"Dematagoda Junction, Colombo, Sri Lanka","Dematagoda Junction, Colombo, Sri Lanka","Dematagoda Pl, Colombo, Sri Lanka",6.9293231,79.8764195
Modara Junction,2023-03-20,08:28,Minor Injury,Side-impact Collision,Reckless Driving,1,Car,26-35,0,2,High,"Modara Junction, Colombo, Sri Lanka","Modara Junction, Colombo, Sri Lanka","Modara, Colombo, Sri Lanka",6.9669247,79.8711533
Duplication Road Bambalapitiya,2022-05-05,17:52,Minor Injury,Motorcycle Collision,Failure to Yield,2,Motorcycle; Three Wheeler,18-25,0,3,Low,"Duplication Road Bambalapitiya, Colombo, Sri Lanka","Duplication Road Bambalapitiya, Colombo, Sri Lanka","450 E R. A. De Mel Mawatha, Colombo 00200, Sri Lanka",6.9024028,79.8545389
Wellawatte Junction,2025-10-29,07:09,Minor Injury,Multi-vehicle Collision,Distracted Driving,3,Bus; Lorry; Motorcycle,26-35,0,2,Low,"Wellawatte Junction, Colombo, Sri Lanka","Wellawatte Junction, Colombo, Sri Lanka","Wellawatte, Colombo 00600, Sri Lanka",6.874092099999999,79.8604934
Union Place Slave Island,2024-04-25,07:15,Serious Injury,Multi-vehicle Collision,Distracted Driving,3,Motorcycle; Car; Lorry,18-25,0,6,High,"Union Place Slave Island, Colombo, Sri Lanka","Union Place Slave Island, Colombo, Sri Lanka","Union Pl, Colombo, Sri Lanka",6.9203664,79.8578057
Ingurukade Junction,2023-10-07,18:50,Minor Injury,Single Vehicle Crash,Unsafe Lane Change,1,Car,46-55,0,3,Low,"Ingurukade Junction, Colombo, Sri Lanka","Ingurukade Junction, Colombo, Sri Lanka","Inguru Kade Junction Bus Stop, Colombo, Sri Lanka",6.9503796,79.8735945
Galle Road Wellawatte,2025-02-20,09:01,Minor Injury,Motorcycle Collision,Unsafe Lane Change,4,Motorcycle; Bus; Van; Car,18-25,0,1,Moderate,"Galle Road Wellawatte, Colombo, Sri Lanka","Galle Road Wellawatte, Colombo, Sri Lanka","Galle Rd, Colombo, Sri Lanka",6.8755051,79.861039
Galle Road Wellawatte,2025-06-30,07:37,Serious Injury,Rear-end Collision,Pedestrian Negligence,2,Motorcycle; Three Wheeler,36-45,0,4,High,"Galle Road Wellawatte, Colombo, Sri Lanka","Galle Road Wellawatte, Colombo, Sri Lanka","Galle Rd, Colombo, Sri Lanka",6.8755051,79.861039
Union Place Borella,2025-11-09,22:10,Serious Injury,Head-on Collision,Driver Negligence,1,Three Wheeler,36-45,0,5,High,"Union Place Borella, Colombo, Sri Lanka","Union Place Borella, Colombo, Sri Lanka","Colombo 08, Colombo, Sri Lanka",6.9147836,79.8775951
Hulftsdorp Junction,2025-05-22,08:25,Serious Injury,Head-on Collision,Failure to Yield,3,Three Wheeler; Motorcycle; Van,36-45,0,3,High,"Hulftsdorp Junction, Colombo, Sri Lanka","Hulftsdorp Junction, Colombo, Sri Lanka","Hultsdorf St, Colombo, Sri Lanka",6.9375553,79.8608161
Bauddhaloka Mawatha Cinnamon Gardens,2024-04-15,09:23,Minor Injury,Motorcycle Collision,Overspeeding,2,Motorcycle; Car,46-55,0,1,Low,"Bauddhaloka Mawatha Cinnamon Gardens, Colombo, Sri Lanka","Bauddhaloka Mawatha Cinnamon Gardens, Colombo, Sri Lanka","Bauddhaloka Mawatha, Colombo 00700, Sri Lanka",6.901932,79.8694402
"Junction of D R Wijewardena Mawatha and Norris Canal Road, Colombo 10",2024-07-19,01:53,Serious Injury,Pedestrian Collision,Unsafe Lane Change,2,Motorcycle; Car,36-45,0,6,High,"Junction of D R Wijewardena Mawatha and Norris Canal Road, Colombo 10, Colombo, Sri Lanka","Junction of D R Wijewardena Mawatha and Norris Canal Road, Colombo 10, Colombo, Sri Lanka","Norris Canal Rd, Colombo 01000, Sri Lanka",6.9210399,79.8659874
High Level Road Kirulapone,2025-02-27,03:54,Minor Injury,Single Vehicle Crash,Driver Negligence,1,Lorry,18-25,0,1,Low,"High Level Road Kirulapone, Colombo, Sri Lanka","High Level Road Kirulapone, Colombo, Sri Lanka","High Level Rd, Colombo, Sri Lanka",6.8775584,79.8793098
Fort Railway Station Area,2025-03-18,19:23,Serious Injury,Side-impact Collision,Unsafe Lane Change,2,Motorcycle; Car,18-25,0,2,High,"Fort Railway Station Area, Colombo, Sri Lanka","Fort Railway Station Area, Colombo, Sri Lanka","Fort Railway station, Colombo, Sri Lanka",6.9337011,79.85003019999999
Madampitiya Road,2024-05-30,16:59,Minor Injury,Rear-end Collision,Driver Negligence,4,Car; Motorcycle; Bicycle; Three Wheeler,26-35,0,1,Low,"Madampitiya Road, Colombo, Sri Lanka","Madampitiya Road, Colombo, Sri Lanka","Madampitiya Rd, Colombo, Sri Lanka",6.9624445,79.8714976
Marine Drive Kollupitiya,2024-01-17,15:02,Serious Injury,Pedestrian Collision,Distracted Driving,2,Motorcycle; Three Wheeler,56+,0,3,Moderate,"Marine Drive Kollupitiya, Colombo, Sri Lanka","Marine Drive Kollupitiya, Colombo, Sri Lanka","Marine Drive, Colombo, Sri Lanka",6.9061405,79.8497258
Hulftsdorp Junction,2024-02-12,17:14,Serious Injury,Pedestrian Collision,Pedestrian Negligence,2,Motorcycle; Three Wheeler,18-25,0,3,High,"Hulftsdorp Junction, Colombo, Sri Lanka","Hulftsdorp Junction, Colombo, Sri Lanka","Hultsdorf St, Colombo, Sri Lanka",6.9375553,79.8608161
Borella Junction,2022-03-09,00:12,Minor Injury,Side-impact Collision,Driver Negligence,1,Bicycle,36-45,0,2,Low,"Borella Junction, Colombo, Sri Lanka","Borella Junction, Colombo, Sri Lanka","18 Dr NM Perera Mawatha Rd, Colombo 00800, Sri Lanka",6.9139525,79.878481
Kirulapone Junction,2024-08-21,11:24,Serious Injury,Rear-end Collision,Overspeeding,3,Van; Three Wheeler; Bicycle,56+,0,4,High,"Kirulapone Junction, Colombo, Sri Lanka","Kirulapone Junction, Colombo, Sri Lanka","VVHG+8HG, High Level Rd, Colombo 00500, Sri Lanka",6.8783033,79.8764475
Modara Junction,2024-11-17,16:46,Fatal,Head-on Collision,Distracted Driving,2,Three Wheeler; Motorcycle,36-45,2,4,High,"Modara Junction, Colombo, Sri Lanka","Modara Junction, Colombo, Sri Lanka","Modara, Colombo, Sri Lanka",6.9669247,79.8711533
Lotus Road Colombo 01,2022-10-19,11:09,Minor Injury,Side-impact Collision,Reckless Driving,2,Three Wheeler; Bicycle,18-25,0,2,Low,"Lotus Road Colombo 01, Colombo, Sri Lanka","Lotus Road Colombo 01, Colombo, Sri Lanka","Lotus Rd, Colombo, Sri Lanka",6.932894,79.8461394
Fort Railway Station Area,2023-09-02,08:19,Fatal,Multi-vehicle Collision,Reckless Driving,4,Three Wheeler; Car; Motorcycle; Van,36-45,1,3,High,"Fort Railway Station Area, Colombo, Sri Lanka","Fort Railway Station Area, Colombo, Sri Lanka","Fort Railway station, Colombo, Sri Lanka",6.9337011,79.85003019999999
Union Place Borella,2023-01-12,17:02,Serious Injury,Side-impact Collision,Distracted Driving,2,Three Wheeler; Bus,36-45,0,2,Moderate,"Union Place Borella, Colombo, Sri Lanka","Union Place Borella, Colombo, Sri Lanka","Colombo 08, Colombo, Sri Lanka",6.9147836,79.8775951
Second Cross Street Pettah,2023-11-04,13:11,Serious Injury,Multi-vehicle Collision,Unsafe Lane Change,4,Bicycle; Van; Car; Three Wheeler,36-45,0,4,Moderate,"Second Cross Street Pettah, Colombo, Sri Lanka","Second Cross Street Pettah, Colombo, Sri Lanka","2nd Cross Street, Colombo, Sri Lanka",6.9372138,79.8519567
Baseline Road Borella,2025-10-20,23:12,Minor Injury,Rear-end Collision,Distracted Driving,1,Motorcycle,36-45,0,1,Moderate,"Baseline Road Borella, Colombo, Sri Lanka","Baseline Road Borella, Colombo, Sri Lanka","Baseline Rd, Colombo, Sri Lanka",6.919902,79.8776917
Town Hall Area,2022-11-08,17:38,Minor Injury,Pedestrian Collision,Driver Negligence,1,Motorcycle,46-55,0,2,Low,"Town Hall Area, Colombo, Sri Lanka","Town Hall Area, Colombo, Sri Lanka","Town Hall, Colombo 01000, Sri Lanka",6.9158502,79.8637861
Madampitiya Road,2025-05-17,15:21,Minor Injury,Head-on Collision,Unsafe Lane Change,1,Van,46-55,0,3,Moderate,"Madampitiya Road, Colombo, Sri Lanka","Madampitiya Road, Colombo, Sri Lanka","Madampitiya Rd, Colombo, Sri Lanka",6.9624445,79.8714976
Dematagoda Junction,2025-07-19,17:27,Fatal,Side-impact Collision,Poor Visibility,2,Motorcycle; Three Wheeler,36-45,1,5,Low,"Dematagoda Junction, Colombo, Sri Lanka","Dematagoda Junction, Colombo, Sri Lanka","Dematagoda Pl, Colombo, Sri Lanka",6.9293231,79.8764195
Colombo 07 Junction,2024-10-08,07:53,Serious Injury,Side-impact Collision,Driver Negligence,1,Three Wheeler,26-35,0,2,Moderate,"Colombo 07 Junction, Colombo, Sri Lanka","Colombo 07 Junction, Colombo, Sri Lanka","Colombo 07, Colombo 00700, Sri Lanka",6.9066125,79.8596227
Pamankada Junction,2024-11-15,18:48,Minor Injury,Single Vehicle Crash,Driver Negligence,1,Three Wheeler,18-25,0,3,Low,"Pamankada Junction, Colombo, Sri Lanka","Pamankada Junction, Colombo, Sri Lanka","Pamankada Ln, Colombo, Sri Lanka",6.8756803,79.8676529
Hulftsdorp Junction,2024-09-21,08:59,Minor Injury,Motorcycle Collision,Reckless Driving,2,Motorcycle; Three Wheeler,26-35,0,2,Moderate,"Hulftsdorp Junction, Colombo, Sri Lanka","Hulftsdorp Junction, Colombo, Sri Lanka","Hultsdorf St, Colombo, Sri Lanka",6.9375553,79.8608161
Bambalapitiya Junction,2023-02-28,09:51,Minor Injury,Pedestrian Collision,Distracted Driving,2,Three Wheeler; Lorry,56+,0,1,Moderate,"Bambalapitiya Junction, Colombo, Sri Lanka","Bambalapitiya Junction, Colombo, Sri Lanka","Bambalapitiya, Colombo 00500, Sri Lanka",6.8894192,79.8575468
Kochchikade Junction,2025-04-08,14:45,Minor Injury,Rear-end Collision,Driver Negligence,2,Bicycle; Car,18-25,0,2,Moderate,"Kochchikade Junction, Colombo, Sri Lanka","Kochchikade Junction, Colombo, Sri Lanka","Colombo, Sri Lanka",6.9270786,79.861243
"Junction of Havelock Road and Jawatte Road, Colombo 05",2022-11-12,10:44,Minor Injury,Rear-end Collision,Overspeeding,1,Bus,46-55,0,2,High,"Junction of Havelock Road and Jawatte Road, Colombo 05, Colombo, Sri Lanka","Junction of Havelock Road and Jawatte Road, Colombo 05, Colombo, Sri Lanka","Jawatta Rd, Colombo, Sri Lanka",6.8953002,79.8668991
Narahenpita Junction,2022-09-02,20:30,Minor Injury,Motorcycle Collision,Reckless Driving,2,Motorcycle; Car,56+,0,3,High,"Narahenpita Junction, Colombo, Sri Lanka","Narahenpita Junction, Colombo, Sri Lanka","Narahenpita, Colombo 00500, Sri Lanka",6.8899209,79.8826281
Armour Street Pettah,2025-05-06,20:28,Minor Injury,Side-impact Collision,Driver Negligence,2,Motorcycle; Bicycle,46-55,0,4,Low,"Armour Street Pettah, Colombo, Sri Lanka","Armour Street Pettah, Colombo, Sri Lanka","Armour St, Colombo, Sri Lanka",6.9424222,79.8637618
Galle Road Wellawatte,2023-02-11,09:53,Serious Injury,Rear-end Collision,Reckless Driving,1,Motorcycle,36-45,0,4,High,"Galle Road Wellawatte, Colombo, Sri Lanka","Galle Road Wellawatte, Colombo, Sri Lanka","Galle Rd, Colombo, Sri Lanka",6.8755051,79.861039
"Junction of D S Senanayake Mawatha and Gnanartha Pradeepa Mawatha, Colombo 08",2023-11-18,20:13,Minor Injury,Motorcycle Collision,Reckless Driving,2,Motorcycle; Bicycle,36-45,0,1,Low,"Junction of D S Senanayake Mawatha and Gnanartha Pradeepa Mawatha, Colombo 08, Colombo, Sri Lanka","Junction of D S Senanayake Mawatha and Gnanartha Pradeepa Mawatha, Colombo 08, Colombo, Sri Lanka","D. S. Senanayake Mawatha & Gnanartha Pradeepa Mawatha, Colombo 00700, Sri Lanka",6.9147089,79.87752259999999
Mutwal Road Mutwal,2025-10-29,00:05,Serious Injury,Single Vehicle Crash,Overspeeding,1,Motorcycle,46-55,0,4,High,"Mutwal Road Mutwal, Colombo, Sri Lanka","Mutwal Road Mutwal, Colombo, Sri Lanka","Muthuwella Mawatha, Colombo, Sri Lanka",6.9640994,79.8649458
Bambalapitiya Junction,2022-09-02,21:42,Minor Injury,Side-impact Collision,Mechanical Failure,1,Motorcycle,18-25,0,2,Low,"Bambalapitiya Junction, Colombo, Sri Lanka","Bambalapitiya Junction, Colombo, Sri Lanka","Bambalapitiya, Colombo 00500, Sri Lanka",6.8894192,79.8575468
Rawatawatte Junction,2025-11-24,12:42,Serious Injury,Side-impact Collision,Pedestrian Negligence,2,Bicycle; Motorcycle,18-25,0,3,Moderate,"Rawatawatte Junction, Colombo, Sri Lanka","Rawatawatte Junction, Colombo, Sri Lanka","De Zoysa Road Bus Stop, QVQP+623, Moratuwa 10400, Sri Lanka",6.788007899999999,79.88505599999999
Duplication Road Bambalapitiya,2023-09-18,09:26,Serious Injury,Motorcycle Collision,Poor Visibility,2,Motorcycle; Van,26-35,0,3,High,"Duplication Road Bambalapitiya, Colombo, Sri Lanka","Duplication Road Bambalapitiya, Colombo, Sri Lanka","450 E R. A. De Mel Mawatha, Colombo 00200, Sri Lanka",6.9024028,79.8545389
T B Jayah Mawatha Maradana,2023-09-02,02:18,Minor Injury,Pedestrian Collision,Drunk Driving,1,Motorcycle,26-35,0,2,Low,"T B Jayah Mawatha Maradana, Colombo, Sri Lanka","T B Jayah Mawatha Maradana, Colombo, Sri Lanka","T. B. Jayah Mawatha, Colombo, Sri Lanka",6.9235871,79.8619082
Liberty Plaza Area,2022-03-30,08:21,Minor Injury,Rear-end Collision,Distracted Driving,3,Motorcycle; Three Wheeler; Bus,26-35,0,1,Low,"Liberty Plaza Area, Colombo, Sri Lanka","Liberty Plaza Area, Colombo, Sri Lanka","300 Srimath Anagarika Dharmapala Mawatha, Colombo 00300, Sri Lanka",6.9118996,79.85130869999999
Pettah Clock Tower Area,2023-06-26,05:17,Minor Injury,Rear-end Collision,Pedestrian Negligence,1,Three Wheeler,26-35,0,1,Low,"Pettah Clock Tower Area, Colombo, Sri Lanka","Pettah Clock Tower Area, Colombo, Sri Lanka","Pettah, Colombo, Sri Lanka",6.9367858,79.8525385
Pettah Clock Tower Area,2024-12-02,18:35,Fatal,Head-on Collision,Reckless Driving,2,Motorcycle; Car,46-55,2,2,Moderate,"Pettah Clock Tower Area, Colombo, Sri Lanka","Pettah Clock Tower Area, Colombo, Sri Lanka","Pettah, Colombo, Sri Lanka",6.9367858,79.8525385
Bauddhaloka Mawatha Cinnamon Gardens,2022-10-12,17:45,Serious Injury,Multi-vehicle Collision,Overspeeding,4,Three Wheeler; Motorcycle; Lorry; Van,46-55,0,3,High,"Bauddhaloka Mawatha Cinnamon Gardens, Colombo, Sri Lanka","Bauddhaloka Mawatha Cinnamon Gardens, Colombo, Sri Lanka","Bauddhaloka Mawatha, Colombo 00700, Sri Lanka",6.901932,79.8694402
Messenger Street Pettah,2023-06-05,09:09,Serious Injury,Rear-end Collision,Overspeeding,1,Three Wheeler,18-25,0,3,High,"Messenger Street Pettah, Colombo, Sri Lanka","Messenger Street Pettah, Colombo, Sri Lanka","M. J. M. Lafeer Mawatha, Colombo, Sri Lanka",6.9411356,79.8629811
Bauddhaloka Mawatha Cinnamon Gardens,2024-03-03,15:15,Minor Injury,Multi-vehicle Collision,Driver Negligence,2,Lorry; Three Wheeler,26-35,0,2,Low,"Bauddhaloka Mawatha Cinnamon Gardens, Colombo, Sri Lanka","Bauddhaloka Mawatha Cinnamon Gardens, Colombo, Sri Lanka","Bauddhaloka Mawatha, Colombo 00700, Sri Lanka",6.901932,79.8694402
Union Place Slave Island,2025-02-18,13:38,Fatal,Motorcycle Collision,Reckless Driving,4,Motorcycle; Three Wheeler; Lorry; Car,36-45,2,3,High,"Union Place Slave Island, Colombo, Sri Lanka","Union Place Slave Island, Colombo, Sri Lanka","Union Pl, Colombo, Sri Lanka",6.9203664,79.8578057
Havelock Town Junction,2025-06-26,16:01,Fatal,Rear-end Collision,Reckless Driving,1,Car,18-25,1,3,High,"Havelock Town Junction, Colombo, Sri Lanka","Havelock Town Junction, Colombo, Sri Lanka","Havelock Town, Colombo, Sri Lanka",6.886651899999999,79.8646835
Bambalapitiya Junction,2025-04-15,09:04,Minor Injury,Pedestrian Collision,Unsafe Lane Change,2,Bicycle; Three Wheeler,26-35,0,2,Low,"Bambalapitiya Junction, Colombo, Sri Lanka","Bambalapitiya Junction, Colombo, Sri Lanka","Bambalapitiya, Colombo 00500, Sri Lanka",6.8894192,79.8575468
"No. 34 Kirula Road, Borella, Colombo 08",2025-08-28,18:01,Minor Injury,Single Vehicle Crash,Poor Visibility,1,Bicycle,36-45,0,4,High,"No. 34 Kirula Road, Borella, Colombo 08, Colombo, Sri Lanka","No. 34 Kirula Road, Borella, Colombo 08, Colombo, Sri Lanka","34 Kirula Rd, Colombo 00500, Sri Lanka",6.892252,79.87053949999999
Pamankada Junction,2024-10-30,18:25,Minor Injury,Rear-end Collision,Reckless Driving,1,Three Wheeler,26-35,0,2,Moderate,"Pamankada Junction, Colombo, Sri Lanka","Pamankada Junction, Colombo, Sri Lanka","Pamankada Ln, Colombo, Sri Lanka",6.8756803,79.8676529
Rathmalana Junction,2022-12-27,08:12,Minor Injury,Rear-end Collision,Unsafe Lane Change,1,Lorry,46-55,0,1,High,"Rathmalana Junction, Colombo, Sri Lanka","Rathmalana Junction, Colombo, Sri Lanka","RV7H+WF6 Belek Kade Junction, A2, Dehiwala-Mount Lavinia, Sri Lanka",6.8147858,79.8786373
Bauddhaloka Mawatha Cinnamon Gardens,2024-11-12,09:11,Minor Injury,Motorcycle Collision,Driver Negligence,3,Motorcycle; Three Wheeler; Lorry,18-25,0,1,Moderate,"Bauddhaloka Mawatha Cinnamon Gardens, Colombo, Sri Lanka","Bauddhaloka Mawatha Cinnamon Gardens, Colombo, Sri Lanka","Bauddhaloka Mawatha, Colombo 00700, Sri Lanka",6.901932,79.8694402
Fort Railway Station Area,2024-11-05,15:12,Serious Injury,Single Vehicle Crash,Overspeeding,1,Van,26-35,0,4,High,"Fort Railway Station Area, Colombo, Sri Lanka","Fort Railway Station Area, Colombo, Sri Lanka","Fort Railway station, Colombo, Sri Lanka",6.9337011,79.85003019999999
Maradana Junction,2022-09-14,19:54,Serious Injury,Pedestrian Collision,Unsafe Lane Change,1,Motorcycle,18-25,0,5,Moderate,"Maradana Junction, Colombo, Sri Lanka","Maradana Junction, Colombo, Sri Lanka","Maradana Junction, Colombo 01000, Sri Lanka",6.928874,79.8637428
Madampitiya Road,2024-08-06,13:50,Minor Injury,Side-impact Collision,Mechanical Failure,2,Three Wheeler; Motorcycle,18-25,0,1,High,"Madampitiya Road, Colombo, Sri Lanka","Madampitiya Road, Colombo, Sri Lanka","Madampitiya Rd, Colombo, Sri Lanka",6.9624445,79.8714976
Bambalapitiya Junction,2025-02-14,09:36,Minor Injury,Pedestrian Collision,Overspeeding,1,Motorcycle,26-35,0,2,Moderate,"Bambalapitiya Junction, Colombo, Sri Lanka","Bambalapitiya Junction, Colombo, Sri Lanka","Bambalapitiya, Colombo 00500, Sri Lanka",6.8894192,79.8575468
Marine Drive Kollupitiya,2022-11-28,13:12,Minor Injury,Pedestrian Collision,Driver Negligence,1,Motorcycle,18-25,0,2,Low,"Marine Drive Kollupitiya, Colombo, Sri Lanka","Marine Drive Kollupitiya, Colombo, Sri Lanka","Marine Drive, Colombo, Sri Lanka",6.9061405,79.8497258
Armour Street Junction,2024-08-16,11:23,Serious Injury,Side-impact Collision,Reckless Driving,2,Three Wheeler; Motorcycle,36-45,0,3,Low,"Armour Street Junction, Colombo, Sri Lanka","Armour Street Junction, Colombo, Sri Lanka","Armour St, Colombo, Sri Lanka",6.9424222,79.8637618
Borella Junction,2022-11-19,06:14,Serious Injury,Side-impact Collision,Overspeeding,3,Three Wheeler; Lorry; Van,18-25,0,2,High,"Borella Junction, Colombo, Sri Lanka","Borella Junction, Colombo, Sri Lanka","18 Dr NM Perera Mawatha Rd, Colombo 00800, Sri Lanka",6.9139525,79.878481
High Level Road Kirulapone,2023-06-04,18:17,Minor Injury,Pedestrian Collision,Driver Fatigue,2,Motorcycle; Car,18-25,0,1,Low,"High Level Road Kirulapone, Colombo, Sri Lanka","High Level Road Kirulapone, Colombo, Sri Lanka","High Level Rd, Colombo, Sri Lanka",6.8775584,79.8793098
Baseline Road Borella,2025-10-24,09:52,Minor Injury,Rear-end Collision,Driver Negligence,3,Car; Motorcycle; Van,26-35,0,4,Low,"Baseline Road Borella, Colombo, Sri Lanka","Baseline Road Borella, Colombo, Sri Lanka","Baseline Rd, Colombo, Sri Lanka",6.919902,79.8776917
Galle Road Rathmalana,2023-10-15,22:18,Minor Injury,Motorcycle Collision,Driver Fatigue,2,Motorcycle; Bus,46-55,0,3,Moderate,"Galle Road Rathmalana, Colombo, Sri Lanka","Galle Road Rathmalana, Colombo, Sri Lanka","Galle Rd, Sri Lanka",6.8164799,79.8765378
"No. 05 Sirimavo Bandaranaike Mawatha, Grandpass, Colombo 14",2025-01-06,23:52,Minor Injury,Motorcycle Collision,Reckless Driving,2,Motorcycle; Car,46-55,0,1,Low,"No. 05 Sirimavo Bandaranaike Mawatha, Grandpass, Colombo 14, Colombo, Sri Lanka","No. 05 Sirimavo Bandaranaike Mawatha, Grandpass, Colombo 14, Colombo, Sri Lanka","5 Sirimavo Bandaranaike Mawatha, Colombo 01300, Sri Lanka",6.944629399999999,79.8665427
Union Place Slave Island,2025-04-29,19:57,Minor Injury,Pedestrian Collision,Poor Visibility,2,Motorcycle; Three Wheeler,46-55,0,2,Moderate,"Union Place Slave Island, Colombo, Sri Lanka","Union Place Slave Island, Colombo, Sri Lanka","Union Pl, Colombo, Sri Lanka",6.9203664,79.8578057
Bambalapitiya Junction,2022-12-20,07:26,Serious Injury,Side-impact Collision,Driver Negligence,1,Three Wheeler,26-35,0,2,High,"Bambalapitiya Junction, Colombo, Sri Lanka","Bambalapitiya Junction, Colombo, Sri Lanka","Bambalapitiya, Colombo 00500, Sri Lanka",6.8894192,79.8575468