Location,Date of Accident,Time of Accident,Accident Severity,Collision Type,Cause of Accident,Number of Vehicles,Vehicle Types,Driver Age Group,Number of Fatalities,Number of Injuries,Property Damage Level,location_standardized,location_name,formatted_address,latitude,longitude
Union Place,2025-11-04,19:31,Minor Injury,Head-on Collision,Driver Fatigue,2,Bus; Motorcycle,18-25,0,2,Low,"Union Place, Colombo, Sri Lanka","Union Place, Colombo, Sri Lanka","Union Place, Colombo, Sri Lanka",6.922958299999999,79.8523572
Havelock Town Junction,2022-04-09,21:40,Minor Injury,Pedestrian Collision,Reckless Driving,1,Motorcycle,18-25,0,2,Low,"Havelock Town Junction, Colombo, Sri Lanka","Havelock Town Junction, Colombo, Sri Lanka","Havelock Town, Colombo, Sri Lanka",6.886651899999999,79.8646835
Union Place,2024-05-30,14:43,Minor Injury,Multi-vehicle Collision,Unsafe Lane Change,3,Bicycle; Van; Motorcycle,26-35,0,4,Low,"Union Place, Colombo, Sri Lanka","Union Place, Colombo, Sri Lanka","Union Place, Colombo, Sri Lanka",6.922958299999999,79.8523572
Pamankada Junction,2023-11-07,16:23,Serious Injury,Side-impact Collision,Driver Fatigue,3,Motorcycle; Three Wheeler; Bus,36-45,0,4,High,"Pamankada Junction, Colombo, Sri Lanka","Pamankada Junction, Colombo, Sri Lanka","Pamankada Ln, Colombo, Sri Lanka",6.8756803,79.8676529
Kochchikade Junction,2024-01-01,15:22,Minor Injury,Motorcycle Collision,Driver Negligence,3,Motorcycle; Car; Three Wheeler,36-45,0,2,Low,"Kochchikade Junction, Colombo, Sri Lanka","Kochchikade Junction, Colombo, Sri Lanka","Colombo, Sri Lanka",6.9270786,79.861243
Liberty Plaza Area,2023-12-03,02:07,Minor Injury,Side-impact Collision,Distracted Driving,1,Van,46-55,0,3,High,"Liberty Plaza Area, Colombo, Sri Lanka","Liberty Plaza Area, Colombo, Sri Lanka","300 Srimath Anagarika Dharmapala Mawatha, Colombo 00300, Sri Lanka",6.9118996,79.85130869999999
Hulftsdorp Junction,2025-02-04,05:33,Minor Injury,Motorcycle Collision,Failure to Yield,2,Motorcycle; Bicycle,26-35,0,3,High,"Hulftsdorp Junction, Colombo, Sri Lanka","Hulftsdorp Junction, Colombo, Sri Lanka","Hultsdorf St, Colombo, Sri Lanka",6.9375553,79.8608161
Borella Junction,2025-09-20,08:37,Minor Injury,Multi-vehicle Collision,Distracted Driving,4,Three Wheeler; Car; Van; Lorry,18-25,0,1,High,"Borella Junction, Colombo, Sri Lanka","Borella Junction, Colombo, Sri Lanka","18 Dr NM Perera Mawatha Rd, Colombo 00800, Sri Lanka",6.9139525,79.878481
Union Place Borella,2025-01-06,04:37,Serious Injury,Motorcycle Collision,Failure to Yield,2,Motorcycle; Bicycle,18-25,0,3,High,"Union Place Borella, Colombo, Sri Lanka","Union Place Borella, Colombo, Sri Lanka","Colombo 08, Colombo, Sri Lanka",6.9147836,79.8775951
D R Wijewardena Mawatha Fort,2022-11-15,17:34,Minor Injury,Rear-end Collision,Overspeeding,2,Van; Car,36-45,0,2,Low,"D R Wijewardena Mawatha Fort, Colombo, Sri Lanka","D R Wijewardena Mawatha Fort, Colombo, Sri Lanka","McCallum Rd, Colombo, Sri Lanka",6.9324236,79.8505139
Duplication Road Bambalapitiya,2023-02-01,07:31,Minor Injury,Pedestrian Collision,Mechanical Failure,2,Motorcycle; Three Wheeler,26-35,0,2,Moderate,"Duplication Road Bambalapitiya, Colombo, Sri Lanka","Duplication Road Bambalapitiya, Colombo, Sri Lanka","450 E R. A. De Mel Mawatha, Colombo 00200, Sri Lanka",6.9024028,79.8545389
Kotahena Junction,2024-05-26,17:13,Fatal,Head-on Collision,Overspeeding,1,Three Wheeler,26-35,1,2,High,"Kotahena Junction, Colombo, Sri Lanka","Kotahena Junction, Colombo, Sri Lanka","Kotahena St, Colombo 01300, Sri Lanka",6.9494699,79.8626776
High Level Road Kirulapone,2023-08-26,15:11,Minor Injury,Single Vehicle Crash,Driver Negligence,1,Van,26-35,0,1,Moderate,"High Level Road Kirulapone, Colombo, Sri Lanka","High Level Road Kirulapone, Colombo, Sri Lanka","High Level Rd, Colombo, Sri Lanka",6.8775584,79.8793098
Pettah Market Area,2023-08-27,08:16,Minor Injury,Head-on Collision,Unsafe Lane Change,4,Car; Motorcycle; Three Wheeler; Van,26-35,0,4,Low,"Pettah Market Area, Colombo, Sri Lanka","Pettah Market Area, Colombo, Sri Lanka","WVP3+VMM, Keyzer St, Colombo 01100, Sri Lanka",6.937201699999999,79.854187
Maradana Junction,2025-08-29,23:47,Minor Injury,Pedestrian Collision,Distracted Driving,2,Motorcycle; Three Wheeler,18-25,0,2,High,"Maradana Junction, Colombo, Sri Lanka","Maradana Junction, Colombo, Sri Lanka","Maradana Junction, Colombo 01000, Sri Lanka",6.928874,79.8637428
High Level Road Kirulapone,2023-09-27,13:27,Serious Injury,Motorcycle Collision,Reckless Driving,1,Motorcycle,36-45,0,6,High,"High Level Road Kirulapone, Colombo, Sri Lanka","High Level Road Kirulapone, Colombo, Sri Lanka","High Level Rd, Colombo, Sri Lanka",6.8775584,79.8793098
Thimbirigasyaya Junction,2022-09-15,19:20,Minor Injury,Single Vehicle Crash,Driver Negligence,1,Car,18-25,0,2,Low,"Thimbirigasyaya Junction, Colombo, Sri Lanka","Thimbirigasyaya Junction, Colombo, Sri Lanka","Thimbirigasyaya Rd, Colombo 00500, Sri Lanka",6.8936437,79.8704269
Armour Street Junction,2025-08-21,19:47,Serious Injury,Multi-vehicle Collision,Reckless Driving,4,Car; Motorcycle; Three Wheeler; Bus,18-25,0,4,Moderate,"Armour Street Junction, Colombo, Sri Lanka","Armour Street Junction, Colombo, Sri Lanka","Armour St, Colombo, Sri Lanka",6.9424222,79.8637618
Pettah Clock Tower Area,2022-05-13,08:36,Minor Injury,Pedestrian Collision,Overspeeding,1,Motorcycle,56+,0,1,Low,"Pettah Clock Tower Area, Colombo, Sri Lanka","Pettah Clock Tower Area, Colombo, Sri Lanka","Pettah, Colombo, Sri Lanka",6.9367858,79.8525385
Galle Road Fort,2024-01-11,19:40,Minor Injury,Side-impact Collision,Driver Negligence,1,Bus,56+,0,2,Low,"Galle Road Fort, Colombo, Sri Lanka","Galle Road Fort, Colombo, Sri Lanka","Galle Buck Rd, Colombo, Sri Lanka",6.9363912,79.8415204
Pettah Market Area,2025-07-10,10:16,Minor Injury,Single Vehicle Crash,Reckless Driving,1,Motorcycle,56+,0,2,High,"Pettah Market Area, Colombo, Sri Lanka","Pettah Market Area, Colombo, Sri Lanka","WVP3+VMM, Keyzer St, Colombo 01100, Sri Lanka",6.937201699999999,79.854187
Ibbanwala Junction,2023-01-17,14:14,Minor Injury,Rear-end Collision,Overspeeding,1,Bus,36-45,0,3,Low,"Ibbanwala Junction, Colombo, Sri Lanka","Ibbanwala Junction, Colombo, Sri Lanka","Ibbanwala, Colombo, Sri Lanka",6.917642,79.8597831
Ibbanwala Junction,2025-10-15,10:02,Minor Injury,Rear-end Collision,Driver Fatigue,1,Three Wheeler,26-35,0,1,High,"Ibbanwala Junction, Colombo, Sri Lanka","Ibbanwala Junction, Colombo, Sri Lanka","Ibbanwala, Colombo, Sri Lanka",6.917642,79.8597831
Liberty Plaza Area,2023-11-05,12:14,Minor Injury,Motorcycle Collision,Poor Visibility,2,Motorcycle; Car,46-55,0,1,Moderate,"Liberty Plaza Area, Colombo, Sri Lanka","Liberty Plaza Area, Colombo, Sri Lanka","300 Srimath Anagarika Dharmapala Mawatha, Colombo 00300, Sri Lanka",6.9118996,79.85130869999999
Hulftsdorp Junction,2023-07-04,15:38,Minor Injury,Rear-end Collision,Driver Negligence,1,Motorcycle,18-25,0,2,Low,"Hulftsdorp Junction, Colombo, Sri Lanka","Hulftsdorp Junction, Colombo, Sri Lanka","Hultsdorf St, Colombo, Sri Lanka",6.9375553,79.8608161
Kotahena Junction,2024-09-11,18:37,Minor Injury,Motorcycle Collision,Unsafe Lane Change,2,Motorcycle; Lorry,46-55,0,3,Low,"Kotahena Junction, Colombo, Sri Lanka","Kotahena Junction, Colombo, Sri Lanka","Kotahena St, Colombo 01300, Sri Lanka",6.9494699,79.8626776
Darley Road Cinnamon Gardens,2022-06-23,10:47,Minor Injury,Pedestrian Collision,Driver Negligence,1,Motorcycle,46-55,0,2,Low,"Darley Road Cinnamon Gardens, Colombo, Sri Lanka","Darley Road Cinnamon Gardens, Colombo, Sri Lanka","Darley Rd, Colombo, Sri Lanka",6.9228616,79.8620451
Bambalapitiya Railway Station Area,2024-08-19,02:26,Minor Injury,Multi-vehicle Collision,Distracted Driving,3,Motorcycle; Car; Bicycle,26-35,0,2,High,"Bambalapitiya Railway Station Area, Colombo, Sri Lanka","Bambalapitiya Railway Station Area, Colombo, Sri Lanka","Bambalapitiya Railway Station, Colombo, Sri Lanka",6.8936984,79.8529574
Union Place Slave Island,2023-08-28,14:35,Minor Injury,Rear-end Collision,Overspeeding,2,Car; Motorcycle,26-35,0,2,Low,"Union Place Slave Island, Colombo, Sri Lanka","Union Place Slave Island, Colombo, Sri Lanka","Union Pl, Colombo, Sri Lanka",6.9203664,79.8578057
Bauddhaloka Mawatha Cinnamon Gardens,2022-12-11,10:37,Serious Injury,Single Vehicle Crash,Reckless Driving,1,Car,46-55,0,6,High,"Bauddhaloka Mawatha Cinnamon Gardens, Colombo, Sri Lanka","Bauddhaloka Mawatha Cinnamon Gardens, Colombo, Sri Lanka","Bauddhaloka Mawatha, Colombo 00700, Sri Lanka",6.901932,79.8694402
Ibbanwala Junction,2023-07-16,08:39,Minor Injury,Side-impact Collision,Driver Negligence,4,Car; Bicycle; Motorcycle; Three Wheeler,36-45,0,2,Moderate,"Ibbanwala Junction, Colombo, Sri Lanka","Ibbanwala Junction, Colombo, Sri Lanka","Ibbanwala, Colombo, Sri Lanka",6.917642,79.8597831
Maradana Railway Station Area,2022-12-12,16:19,Serious Injury,Motorcycle Collision,Unsafe Lane Change,2,Motorcycle; Car,18-25,0,4,Moderate,"Maradana Railway Station Area, Colombo, Sri Lanka","Maradana Railway Station Area, Colombo, Sri Lanka","Maradana Railway Station, Jayantha Weerasekara Mawatha, Colombo 01000, Sri Lanka",6.92946,79.86511000000002
Depanama Junction,2024-08-21,23:52,Minor Injury,Head-on Collision,Driver Negligence,1,Van,18-25,0,4,Low,"Depanama Junction, Colombo, Sri Lanka","Depanama Junction, Colombo, Sri Lanka","Colombo, Sri Lanka",6.9270786,79.861243
Panchikawatte,2025-01-29,18:01,Serious Injury,Rear-end Collision,Driver Negligence,4,Three Wheeler; Motorcycle; Van; Bicycle,36-45,0,3,High,"Panchikawatte, Colombo, Sri Lanka","Panchikawatte, Colombo, Sri Lanka","Panchikawatta, Colombo 01000, Sri Lanka",6.9309682,79.8639835
Modara Junction,2023-02-08,05:10,Minor Injury,Pedestrian Collision,Mechanical Failure,1,Motorcycle,18-25,0,1,Low,"Modara Junction, Colombo, Sri Lanka","Modara Junction, Colombo, Sri Lanka","Modara, Colombo, Sri Lanka",6.9669247,79.8711533
Armour Street Junction,2024-06-18,17:44,Minor Injury,Motorcycle Collision,Unsafe Lane Change,2,Motorcycle; Three Wheeler,56+,0,3,Low,"Armour Street Junction, Colombo, Sri Lanka","Armour Street Junction, Colombo, Sri Lanka","Armour St, Colombo, Sri Lanka",6.9424222,79.8637618
Thimbirigasyaya Junction,2023-02-17,18:37,Minor Injury,Multi-vehicle Collision,Unsafe Lane Change,3,Motorcycle; Car; Bus,56+,0,1,Low,"Thimbirigasyaya Junction, Colombo, Sri Lanka","Thimbirigasyaya Junction, Colombo, Sri Lanka","Thimbirigasyaya Rd, Colombo 00500, Sri Lanka",6.8936437,79.8704269
Pettah Clock Tower Area,2025-11-22,09:33,Minor Injury,Motorcycle Collision,Driver Negligence,2,Motorcycle; Car,36-45,0,1,Moderate,"Pettah Clock Tower Area, Colombo, Sri Lanka","Pettah Clock Tower Area, Colombo, Sri Lanka","Pettah, Colombo, Sri Lanka",6.9367858,79.8525385
Kotahena Junction,2024-05-31,15:14,Fatal,Multi-vehicle Collision,Driver Fatigue,4,Bus; Three Wheeler; Car; Motorcycle,18-25,2,4,High,"Kotahena Junction, Colombo, Sri Lanka","Kotahena Junction, Colombo, Sri Lanka","Kotahena St, Colombo 01300, Sri Lanka",6.9494699,79.8626776
Rajagiriya Junction,2024-06-20,23:39,Minor Injury,Rear-end Collision,Distracted Driving,1,Motorcycle,26-35,0,1,High,"Rajagiriya Junction, Colombo, Sri Lanka","Rajagiriya Junction, Colombo, Sri Lanka","Rajagiriya Rd, Sri Lanka",6.91574,79.8957611
Fort Railway Station Area,2023-05-08,06:07,Minor Injury,Side-impact Collision,Poor Visibility,3,Motorcycle; Three Wheeler; Van,18-25,0,2,Low,"Fort Railway Station Area, Colombo, Sri Lanka","Fort Railway Station Area, Colombo, Sri Lanka","Fort Railway station, Colombo, Sri Lanka",6.9337011,79.85003019999999
Galle Road Kollupitiya,2023-03-14,17:59,Minor Injury,Single Vehicle Crash,Driver Negligence,1,Three Wheeler,36-45,0,4,Low,"Galle Road Kollupitiya, Colombo, Sri Lanka","Galle Road Kollupitiya, Colombo, Sri Lanka","Galle Rd, Colombo, Sri Lanka",6.9037968,79.8521362
Pamankada Junction,2022-09-13,03:52,Fatal,Pedestrian Collision,Driver Negligence,2,Motorcycle; Car,26-35,1,5,High,"Pamankada Junction, Colombo, Sri Lanka","Pamankada Junction, Colombo, Sri Lanka","Pamankada Ln, Colombo, Sri Lanka",6.8756803,79.8676529
Dematagoda Junction,2024-07-12,13:24,Minor Injury,Motorcycle Collision,Driver Fatigue,2,Motorcycle; Three Wheeler,18-25,0,1,Moderate,"Dematagoda Junction, Colombo, Sri Lanka","Dematagoda Junction, Colombo, Sri Lanka","Dematagoda Pl, Colombo, Sri Lanka",6.9293231,79.8764195
Justice Akbar Mawatha Slave Island,2023-01-29,08:33,Minor Injury,Rear-end Collision,Reckless Driving,2,Motorcycle; Car,36-45,0,2,Low,"Justice Akbar Mawatha Slave Island, Colombo, Sri Lanka","Justice Akbar Mawatha Slave Island, Colombo, Sri Lanka","Justice Akbar Mawatha, Colombo, Sri Lanka",6.9238481,79.8503668
Slave Island Junction,2023-06-29,17:23,Serious Injury,Multi-vehicle Collision,Overspeeding,3,Lorry; Three Wheeler; Car,26-35,0,2,High,"Slave Island Junction, Colombo, Sri Lanka","Slave Island Junction, Colombo, Sri Lanka","Kompannavidiya Flyover, Colombo, Sri Lanka",6.9266493,79.8483123
Narahenpita Junction,2023-09-29,07:23,Serious Injury,Multi-vehicle Collision,Reckless Driving,4,Motorcycle; Three Wheeler; Bus; Bicycle,18-25,0,4,High,"Narahenpita Junction, Colombo, Sri Lanka","Narahenpita Junction, Colombo, Sri Lanka","Narahenpita, Colombo 00500, Sri Lanka",6.8899209,79.8826281
Bauddhaloka Mawatha Cinnamon Gardens,2025-05-06,16:22,Serious Injury,Pedestrian Collision,Overspeeding,1,Motorcycle,36-45,0,5,High,"Bauddhaloka Mawatha Cinnamon Gardens, Colombo, Sri Lanka","Bauddhaloka Mawatha Cinnamon Gardens, Colombo, Sri Lanka","Bauddhaloka Mawatha, Colombo 00700, Sri Lanka",6.901932,79.8694402
Mattakkuliya Junction,2023-06-13,21:39,Minor Injury,Side-impact Collision,Distracted Driving,1,Motorcycle,18-25,0,1,Low,"Mattakkuliya Junction, Colombo, Sri Lanka","Mattakkuliya Junction, Colombo, Sri Lanka","Mattakkuliya Brg, Colombo, Sri Lanka",6.9805611,79.875318
"No. 78 High Level Road, Gangodawila, Nugegoda",2024-02-28,21:32,Serious Injury,Side-impact Collision,Overspeeding,4,Motorcycle; Three Wheeler; Van; Car,46-55,0,4,Moderate,"No. 78 High Level Road, Gangodawila, Nugegoda, Colombo, Sri Lanka","No. 78 High Level Road, Gangodawila, Nugegoda, Colombo, Sri Lanka","78 High Level Rd, Maharagama, Sri Lanka",6.8562373,79.91109449999999
Panchikawatte,2025-04-22,04:16,Minor Injury,Single Vehicle Crash,Distracted Driving,1,Three Wheeler,26-35,0,3,Low,"Panchikawatte, Colombo, Sri Lanka","Panchikawatte, Colombo, Sri Lanka","Panchikawatta, Colombo 01000, Sri Lanka",6.9309682,79.8639835
Borella Junction,2024-03-13,16:33,Fatal,Side-impact Collision,Poor Visibility,2,Three Wheeler; Bicycle,36-45,1,5,Moderate,"Borella Junction, Colombo, Sri Lanka","Borella Junction, Colombo, Sri Lanka","18 Dr NM Perera Mawatha Rd, Colombo 00800, Sri Lanka",6.9139525,79.878481
Slave Island Junction,2025-02-04,12:10,Minor Injury,Pedestrian Collision,Unsafe Lane Change,1,Motorcycle,56+,0,2,Low,"Slave Island Junction, Colombo, Sri Lanka","Slave Island Junction, Colombo, Sri Lanka","Kompannavidiya Flyover, Colombo, Sri Lanka",6.9266493,79.8483123
High Level Road Kirulapone,2023-12-12,07:59,Minor Injury,Pedestrian Collision,Unsafe Lane Change,1,Motorcycle,46-55,0,2,Low,"High Level Road Kirulapone, Colombo, Sri Lanka","High Level Road Kirulapone, Colombo, Sri Lanka","High Level Rd, Colombo, Sri Lanka",6.8775584,79.8793098
Fort Bus Stand Area,2024-07-28,08:04,Minor Injury,Multi-vehicle Collision,Overspeeding,4,Motorcycle; Car; Three Wheeler; Van,26-35,0,1,Low,"Fort Bus Stand Area, Colombo, Sri Lanka","Fort Bus Stand Area, Colombo, Sri Lanka","WVM4+6G8 Bastian Mawatha Bus Station, Olcott Mawatha, Colombo, Sri Lanka",6.932847,79.856589
Maligawatte Junction,2025-12-21,23:24,Minor Injury,Motorcycle Collision,Driver Fatigue,1,Motorcycle,56+,0,1,Low,"Maligawatte Junction, Colombo, Sri Lanka","Maligawatte Junction, Colombo, Sri Lanka","Maligawatte Square, Colombo 01000, Sri Lanka",6.9318113,79.8695229
Modara Junction,2022-07-19,22:38,Minor Injury,Motorcycle Collision,Driver Negligence,2,Motorcycle; Car,36-45,0,2,Low,"Modara Junction, Colombo, Sri Lanka","Modara Junction, Colombo, Sri Lanka","Modara, Colombo, Sri Lanka",6.9669247,79.8711533
Liberty Plaza Area,2024-11-13,16:33,Minor Injury,Pedestrian Collision,Reckless Driving,1,Van,26-35,0,2,Moderate,"Liberty Plaza Area, Colombo, Sri Lanka","Liberty Plaza Area, Colombo, Sri Lanka","300 Srimath Anagarika Dharmapala Mawatha, Colombo 00300, Sri Lanka",6.9118996,79.85130869999999
Modara Junction,2023-12-13,09:32,Fatal,Side-impact Collision,Distracted Driving,1,Three Wheeler,46-55,1,4,High,"Modara Junction, Colombo, Sri Lanka","Modara Junction, Colombo, Sri Lanka","Modara, Colombo, Sri Lanka",6.9669247,79.8711533
Hokandara Junction,2025-11-28,16:51,Serious Injury,Multi-vehicle Collision,Overspeeding,4,Bus; Motorcycle; Car; Bicycle,56+,0,6,High,"Hokandara Junction, Colombo, Sri Lanka","Hokandara Junction, Colombo, Sri Lanka","Hokandara Junction, Hokandara, Sri Lanka",6.8804862,79.9598989
Havelock Road Havelock Town,2025-05-23,17:27,Minor Injury,Single Vehicle Crash,Driver Fatigue,1,Lorry,36-45,0,1,Low,"Havelock Road Havelock Town, Colombo, Sri Lanka","Havelock Road Havelock Town, Colombo, Sri Lanka","Havelock Rd, Colombo 00500, Sri Lanka",6.8903417,79.8638234
Galle Road Fort,2025-04-21,10:01,Serious Injury,Side-impact Collision,Driver Negligence,4,Motorcycle; Van; Bus; Car,36-45,0,5,High,"Galle Road Fort, Colombo, Sri Lanka","Galle Road Fort, Colombo, Sri Lanka","Galle Buck Rd, Colombo, Sri Lanka",6.9363912,79.8415204
Borella Junction,2025-01-30,22:59,Minor Injury,Motorcycle Collision,Reckless Driving,2,Motorcycle; Car,46-55,0,1,Low,"Borella Junction, Colombo, Sri Lanka","Borella Junction, Colombo, Sri Lanka","18 Dr NM Perera Mawatha Rd, Colombo 00800, Sri Lanka",6.9139525,79.878481
Wijerama Junction,2022-08-01,17:12,Minor Injury,Pedestrian Collision,Failure to Yield,2,Motorcycle; Three Wheeler,18-25,0,1,Low,"Wijerama Junction, Colombo, Sri Lanka","Wijerama Junction, Colombo, Sri Lanka","Wijerama Mawatha, Colombo 00700, Sri Lanka",6.9110572,79.8711168
Sir Chittampalam A Gardiner Mawatha Fort,2023-08-24,14:55,Minor Injury,Rear-end Collision,Failure to Yield,2,Van; Motorcycle,26-35,0,1,Low,"Sir Chittampalam A Gardiner Mawatha Fort, Colombo, Sri Lanka","Sir Chittampalam A Gardiner Mawatha Fort, Colombo, Sri Lanka","Sir Chittampalam A Gardiner Mawath, Colombo, Sri Lanka",6.9298377,79.8477933
Colombo Fort Bus Stand Area,2024-03-31,18:38,Serious Injury,Multi-vehicle Collision,Driver Negligence,4,Motorcycle; Three Wheeler; Bicycle; Car,36-45,0,4,High,"Colombo Fort Bus Stand Area, Colombo, Sri Lanka","Colombo Fort Bus Stand Area, Colombo, Sri Lanka","WVM4+6G8 Bastian Mawatha Bus Station, Olcott Mawatha, Colombo, Sri Lanka",6.932847,79.856589
Bambalapitiya Junction,2025-06-11,04:45,Minor Injury,Motorcycle Collision,Reckless Driving,2,Motorcycle; Three Wheeler,26-35,0,1,Low,"Bambalapitiya Junction, Colombo, Sri Lanka","Bambalapitiya Junction, Colombo, Sri Lanka","Bambalapitiya, Colombo 00500, Sri Lanka",6.8894192,79.8575468
Pelawatta Junction,2024-12-19,17:35,Serious Injury,Motorcycle Collision,Overspeeding,3,Motorcycle; Three Wheeler; Bicycle,18-25,0,3,Moderate,"Pelawatta Junction, Colombo, Sri Lanka","Pelawatta Junction, Colombo, Sri Lanka","B533, Sri Jayawardenepura Kotte, Sri Lanka",6.8913483,79.9289304
"No. 45 Jawatte Road, Colombo 05",2025-02-26,07:50,Fatal,Rear-end Collision,Unsafe Lane Change,1,Bus,18-25,1,1,High,"No. 45 Jawatte Road, Colombo 05, Colombo, Sri Lanka","No. 45 Jawatte Road, Colombo 05, Colombo, Sri Lanka","45 Jawatta Rd, Colombo 00500, Sri Lanka",6.8972848,79.8667921
Kochchikade Junction,2023-01-04,09:37,Minor Injury,Pedestrian Collision,Overspeeding,1,Bicycle,56+,0,2,Low,"Kochchikade Junction, Colombo, Sri Lanka","Kochchikade Junction, Colombo, Sri Lanka","Colombo, Sri Lanka",6.9270786,79.861243
Union Place Slave Island,2023-09-19,19:34,Minor Injury,Single Vehicle Crash,Reckless Driving,1,Lorry,46-55,0,3,Moderate,"Union Place Slave Island, Colombo, Sri Lanka","Union Place Slave Island, Colombo, Sri Lanka","Union Pl, Colombo, Sri Lanka",6.9203664,79.8578057
"No. 5 T B Jayah Mawatha, Maradana, Colombo 10",2022-09-01,19:58,Minor Injury,Pedestrian Collision,Overspeeding,1,Motorcycle,18-25,0,1,Moderate,"No. 5 T B Jayah Mawatha, Maradana, Colombo 10, Colombo, Sri Lanka","No. 5 T B Jayah Mawatha, Maradana, Colombo 10, Colombo, Sri Lanka","5 T. B. Jayah Mawatha, Colombo 01000, Sri Lanka",6.928052399999999,79.8634762
Pettah Clock Tower Area,2022-04-14,18:21,Minor Injury,Rear-end Collision,Distracted Driving,3,Motorcycle; Car; Three Wheeler,18-25,0,2,Low,"Pettah Clock Tower Area, Colombo, Sri Lanka","Pettah Clock Tower Area, Colombo, Sri Lanka","Pettah, Colombo, Sri Lanka",6.9367858,79.8525385
Sir Chittampalam A Gardiner Mawatha Fort,2024-10-20,14:51,Fatal,Pedestrian Collision,Overspeeding,1,Motorcycle,18-25,1,5,High,"Sir Chittampalam A Gardiner Mawatha Fort, Colombo, Sri Lanka","Sir Chittampalam A Gardiner Mawatha Fort, Colombo, Sri Lanka","Sir Chittampalam A Gardiner Mawath, Colombo, Sri Lanka",6.9298377,79.8477933
Hulftsdorp Junction,2022-12-11,08:37,Fatal,Head-on Collision,Distracted Driving,1,Lorry,18-25,1,2,High,"Hulftsdorp Junction, Colombo, Sri Lanka","Hulftsdorp Junction, Colombo, Sri Lanka","Hultsdorf St, Colombo, Sri Lanka",6.9375553,79.8608161
"No. 12 Nawala Road, Rajagiriya",2022-06-04,21:11,Serious Injury,Rear-end Collision,Overspeeding,1,Car,26-35,0,4,Moderate,"No. 12 Nawala Road, Rajagiriya, Colombo, Sri Lanka","No. 12 Nawala Road, Rajagiriya, Colombo, Sri Lanka","12 Nawala Rd, Sri Jayawardenepura Kotte 00500, Sri Lanka",6.874480999999999,79.8909402
Borella Junction,2024-07-12,21:25,Minor Injury,Rear-end Collision,Failure to Yield,3,Motorcycle; Lorry; Car,18-25,0,1,Low,"Borella Junction, Colombo, Sri Lanka","Borella Junction, Colombo, Sri Lanka","18 Dr NM Perera Mawatha Rd, Colombo 00800, Sri Lanka",6.9139525,79.878481
Kadawatha Junction,2023-06-24,17:41,Minor Injury,Motorcycle Collision,Unsafe Lane Change,2,Motorcycle; Bicycle,46-55,0,3,Moderate,"Kadawatha Junction, Colombo, Sri Lanka","Kadawatha Junction, Colombo, Sri Lanka","Kadawatha Rd, Colombo, Sri Lanka",6.862775,79.8805971
Galle Road Kollupitiya,2024-02-28,12:07,Minor Injury,Head-on Collision,Distracted Driving,3,Motorcycle; Bus; Three Wheeler,36-45,0,4,Low,"Galle Road Kollupitiya, Colombo, Sri Lanka","Galle Road Kollupitiya, Colombo, Sri Lanka","Galle Rd, Colombo, Sri Lanka",6.9037968,79.8521362
Galle Road Moratuwa,2023-11-07,16:49,Serious Injury,Rear-end Collision,Failure to Yield,2,Motorcycle; Three Wheeler,26-35,0,4,High,"Galle Road Moratuwa, Colombo, Sri Lanka","Galle Road Moratuwa, Colombo, Sri Lanka","Galle Rd, Sri Lanka",6.8164799,79.8765378
Kollupitiya Junction,2025-10-14,12:00,Fatal,Motorcycle Collision,Overspeeding,3,Motorcycle; Lorry; Car,36-45,1,1,Moderate,"Kollupitiya Junction, Colombo, Sri Lanka","Kollupitiya Junction, Colombo, Sri Lanka","Kollupitiya - Sri Jayewardenepura Rd, Colombo, Sri Lanka",6.9117245,79.8614617
Nelum Pokuna Area,2024-11-03,18:31,Serious Injury,Motorcycle Collision,Overspeeding,2,Motorcycle; Three Wheeler,56+,0,4,High,"Nelum Pokuna Area, Colombo, Sri Lanka","Nelum Pokuna Area, Colombo, Sri Lanka","110 Ananda Coomaraswamy Mawatha, Colombo 00700, Sri Lanka",6.910803199999999,79.86344670000001
Bambalapitiya Junction,2022-09-11,19:54,Minor Injury,Side-impact Collision,Driver Negligence,3,Motorcycle; Three Wheeler; Bus,56+,0,4,Moderate,"Bambalapitiya Junction, Colombo, Sri Lanka","Bambalapitiya Junction, Colombo, Sri Lanka","Bambalapitiya, Colombo 00500, Sri Lanka",6.8894192,79.8575468
High Level Road Kirulapone,2025-08-11,23:19,Minor Injury,Rear-end Collision,Driver Negligence,2,Motorcycle; Bus,18-25,0,1,Moderate,"High Level Road Kirulapone, Colombo, Sri Lanka","High Level Road Kirulapone, Colombo, Sri Lanka","High Level Rd, Colombo, Sri Lanka",6.8775584,79.8793098
Sea Street Kotahena,2025-09-16,08:48,Minor Injury,Head-on Collision,Pedestrian Negligence,1,Motorcycle,18-25,0,2,Low,"Sea Street Kotahena, Colombo, Sri Lanka","Sea Street Kotahena, Colombo, Sri Lanka","Sea St, Colombo 01300, Sri Lanka",6.9418464,79.8542501